location,timestamp,pm25,pm25_lag1,pm25_lag2
NewDelhi-8118,2025-01-01T15:30:00.000Z,211.0,203.5,196.0
NewDelhi-8118,2025-01-01T16:00:00.000Z,212.0,211.0,203.5
NewDelhi-8118,2025-01-01T16:30:00.000Z,213.0,212.0,211.0
NewDelhi-8118,2025-01-01T21:30:00.000Z,173.0,165.5,158.0
NewDelhi-8118,2025-01-01T23:30:00.000Z,176.0,174.5,173.0
NewDelhi-8118,2025-01-02T03:30:00.000Z,167.0,153.5,140.0
NewDelhi-8118,2025-01-02T04:00:00.000Z,185.5,167.0,153.5
NewDelhi-8118,2025-01-02T04:30:00.000Z,204.0,185.5,167.0
NewDelhi-8118,2025-01-02T06:30:00.000Z,209.0,206.5,204.0
NewDelhi-8118,2025-01-02T08:30:00.000Z,190.0,184.5,179.0
NewDelhi-8118,2025-01-02T09:00:00.000Z,201.5,190.0,184.5
NewDelhi-8118,2025-01-02T09:30:00.000Z,213.0,201.5,190.0
NewDelhi-8118,2025-01-02T10:00:00.000Z,215.0,213.0,201.5
NewDelhi-8118,2025-01-02T10:30:00.000Z,217.0,215.0,213.0
NewDelhi-8118,2025-01-02T12:30:00.000Z,198.0,194.5,191.0
NewDelhi-8118,2025-01-02T13:00:00.000Z,207.5,198.0,194.5
NewDelhi-8118,2025-01-02T13:30:00.000Z,217.0,207.5,198.0
NewDelhi-8118,2025-01-02T14:00:00.000Z,239.5,217.0,207.5
NewDelhi-8118,2025-01-02T14:30:00.000Z,262.0,239.5,217.0
NewDelhi-8118,2025-01-02T15:00:00.000Z,285.0,262.0,239.5
NewDelhi-8118,2025-01-02T15:30:00.000Z,308.0,285.0,262.0
NewDelhi-8118,2025-01-02T19:30:00.000Z,210.0,209.0,208.0
NewDelhi-8118,2025-01-02T20:00:00.000Z,211.5,210.0,209.0
NewDelhi-8118,2025-01-02T20:30:00.000Z,213.0,211.5,210.0
NewDelhi-8118,2025-01-02T23:30:00.000Z,220.0,210.0,200.0
NewDelhi-8118,2025-01-03T04:30:00.000Z,210.0,195.0,180.0
NewDelhi-8118,2025-01-03T05:00:00.000Z,234.0,210.0,195.0
NewDelhi-8118,2025-01-03T05:30:00.000Z,258.0,234.0,210.0
NewDelhi-8118,2025-01-03T06:00:00.000Z,303.5,258.0,234.0
NewDelhi-8118,2025-01-03T06:30:00.000Z,349.0,303.5,258.0
NewDelhi-8118,2025-01-03T07:00:00.000Z,390.0,349.0,303.5
NewDelhi-8118,2025-01-03T07:30:00.000Z,431.0,390.0,349.0
NewDelhi-8118,2025-01-03T12:30:00.000Z,213.0,210.5,208.0
NewDelhi-8118,2025-01-03T13:00:00.000Z,225.0,213.0,210.5
NewDelhi-8118,2025-01-03T13:30:00.000Z,237.0,225.0,213.0
NewDelhi-8118,2025-01-03T14:00:00.000Z,251.0,237.0,225.0
NewDelhi-8118,2025-01-03T14:30:00.000Z,265.0,251.0,237.0
NewDelhi-8118,2025-01-03T16:30:00.000Z,345.0,303.0,261.0
NewDelhi-8118,2025-01-03T17:00:00.000Z,348.5,345.0,303.0
NewDelhi-8118,2025-01-03T17:30:00.000Z,352.0,348.5,345.0
NewDelhi-8118,2025-01-03T22:30:00.000Z,195.0,172.0,149.0
NewDelhi-8118,2025-01-04T00:30:00.000Z,190.0,185.0,180.0
NewDelhi-8118,2025-01-04T03:30:00.000Z,169.0,168.0,167.0
NewDelhi-8118,2025-01-04T04:00:00.000Z,197.0,169.0,168.0
NewDelhi-8118,2025-01-04T04:30:00.000Z,225.0,197.0,169.0
NewDelhi-8118,2025-01-04T05:00:00.000Z,279.5,225.0,197.0
NewDelhi-8118,2025-01-04T05:30:00.000Z,334.0,279.5,225.0
NewDelhi-8118,2025-01-04T06:00:00.000Z,375.0,334.0,279.5
NewDelhi-8118,2025-01-04T06:30:00.000Z,416.0,375.0,334.0
NewDelhi-8118,2025-01-04T07:00:00.000Z,429.0,416.0,375.0
NewDelhi-8118,2025-01-04T07:30:00.000Z,442.0,429.0,416.0
NewDelhi-8118,2025-01-04T14:30:00.000Z,283.0,280.5,278.0
NewDelhi-8118,2025-01-04T15:00:00.000Z,298.0,283.0,280.5
NewDelhi-8118,2025-01-04T15:30:00.000Z,313.0,298.0,283.0
NewDelhi-8118,2025-01-04T16:00:00.000Z,318.0,313.0,298.0
NewDelhi-8118,2025-01-04T16:30:00.000Z,323.0,318.0,313.0
NewDelhi-8118,2025-01-04T18:30:00.000Z,308.0,305.5,303.0
NewDelhi-8118,2025-01-08T08:30:00.000Z,81.0,80.5,80.0
NewDelhi-8118,2025-01-08T12:30:00.000Z,86.0,76.0,66.0
NewDelhi-8118,2025-01-08T13:00:00.000Z,101.5,86.0,76.0
NewDelhi-8118,2025-01-08T13:30:00.000Z,117.0,101.5,86.0
NewDelhi-8118,2025-01-08T14:00:00.000Z,123.0,117.0,101.5
NewDelhi-8118,2025-01-08T14:30:00.000Z,129.0,123.0,117.0
NewDelhi-8118,2025-01-08T15:00:00.000Z,162.0,129.0,123.0
NewDelhi-8118,2025-01-08T15:30:00.000Z,195.0,162.0,129.0
NewDelhi-8118,2025-01-08T16:00:00.000Z,220.0,195.0,162.0
NewDelhi-8118,2025-01-08T16:30:00.000Z,245.0,220.0,195.0
NewDelhi-8118,2025-01-08T17:00:00.000Z,257.5,245.0,220.0
NewDelhi-8118,2025-01-08T17:30:00.000Z,270.0,257.5,245.0
NewDelhi-8118,2025-01-08T19:30:00.000Z,265.0,262.5,260.0
NewDelhi-8118,2025-01-09T03:30:00.000Z,192.0,176.0,160.0
NewDelhi-8118,2025-01-09T06:30:00.000Z,180.0,170.5,161.0
NewDelhi-8118,2025-01-09T08:30:00.000Z,427.0,300.0,173.0
NewDelhi-8118,2025-01-09T13:30:00.000Z,374.0,339.5,305.0
NewDelhi-8118,2025-01-09T17:30:00.000Z,339.0,338.5,338.0
NewDelhi-8118,2025-01-09T18:00:00.000Z,343.0,339.0,338.5
NewDelhi-8118,2025-01-09T18:30:00.000Z,347.0,343.0,339.0
NewDelhi-8118,2025-01-09T19:00:00.000Z,349.0,347.0,343.0
NewDelhi-8118,2025-01-09T19:30:00.000Z,351.0,349.0,347.0
NewDelhi-8118,2025-01-09T20:00:00.000Z,355.0,351.0,349.0
NewDelhi-8118,2025-01-09T20:30:00.000Z,359.0,355.0,351.0
NewDelhi-8118,2025-01-09T21:00:00.000Z,366.0,359.0,355.0
NewDelhi-8118,2025-01-09T21:30:00.000Z,373.0,366.0,359.0
NewDelhi-8118,2025-01-10T02:30:00.000Z,183.0,170.0,157.0
NewDelhi-8118,2025-01-10T03:00:00.000Z,190.5,183.0,170.0
NewDelhi-8118,2025-01-10T03:30:00.000Z,198.0,190.5,183.0
NewDelhi-8118,2025-01-10T04:00:00.000Z,202.5,198.0,190.5
NewDelhi-8118,2025-01-10T04:30:00.000Z,207.0,202.5,198.0
NewDelhi-8118,2025-01-10T05:00:00.000Z,227.5,207.0,202.5
NewDelhi-8118,2025-01-10T05:30:00.000Z,248.0,227.5,207.0
NewDelhi-8118,2025-01-10T07:30:00.000Z,222.0,221.0,220.0
NewDelhi-8118,2025-01-10T09:30:00.000Z,209.0,208.0,207.0
NewDelhi-8118,2025-01-10T11:30:00.000Z,203.0,201.0,199.0
NewDelhi-8118,2025-01-10T13:30:00.000Z,217.0,206.5,196.0
NewDelhi-8118,2025-01-10T14:00:00.000Z,250.0,217.0,206.5
NewDelhi-8118,2025-01-10T17:30:00.000Z,290.0,281.5,273.0
NewDelhi-8118,2025-01-11T02:30:00.000Z,147.0,137.5,128.0
NewDelhi-8118,2025-01-11T04:30:00.000Z,157.0,150.0,143.0
NewDelhi-8118,2025-01-11T05:00:00.000Z,170.0,157.0,150.0
NewDelhi-8118,2025-01-11T05:30:00.000Z,183.0,170.0,157.0
NewDelhi-8118,2025-01-11T07:30:00.000Z,187.0,180.5,174.0
NewDelhi-8118,2025-01-11T09:30:00.000Z,192.0,187.0,182.0
NewDelhi-8118,2025-01-11T11:30:00.000Z,201.0,187.5,174.0
NewDelhi-8118,2025-01-11T12:00:00.000Z,213.5,201.0,187.5
NewDelhi-8118,2025-01-11T12:30:00.000Z,226.0,213.5,201.0
NewDelhi-8118,2025-01-11T15:30:00.000Z,135.0,134.5,134.0
NewDelhi-8118,2025-01-11T18:30:00.000Z,132.0,129.0,126.0
NewDelhi-8118,2025-01-11T19:00:00.000Z,133.0,132.0,129.0
NewDelhi-8118,2025-01-11T19:30:00.000Z,134.0,133.0,132.0
NewDelhi-8118,2025-01-11T21:30:00.000Z,149.0,139.0,129.0
NewDelhi-8118,2025-01-11T22:00:00.000Z,153.0,149.0,139.0
NewDelhi-8118,2025-01-11T22:30:00.000Z,157.0,153.0,149.0
NewDelhi-8118,2025-01-11T23:00:00.000Z,158.0,157.0,153.0
NewDelhi-8118,2025-01-11T23:30:00.000Z,159.0,158.0,157.0
NewDelhi-8118,2025-01-12T00:00:00.000Z,166.0,159.0,158.0
NewDelhi-8118,2025-01-12T00:30:00.000Z,173.0,166.0,159.0
NewDelhi-8118,2025-01-12T03:30:00.000Z,129.0,128.0,127.0
NewDelhi-8118,2025-01-12T04:00:00.000Z,133.0,129.0,128.0
NewDelhi-8118,2025-01-12T04:30:00.000Z,137.0,133.0,129.0
NewDelhi-8118,2025-01-12T05:00:00.000Z,144.0,137.0,133.0
NewDelhi-8118,2025-01-12T05:30:00.000Z,151.0,144.0,137.0
NewDelhi-8118,2025-01-12T06:00:00.000Z,162.5,151.0,144.0
NewDelhi-8118,2025-01-12T06:30:00.000Z,174.0,162.5,151.0
NewDelhi-8118,2025-01-12T09:30:00.000Z,146.0,145.0,144.0
NewDelhi-8118,2025-01-12T10:00:00.000Z,148.0,146.0,145.0
NewDelhi-8118,2025-01-12T10:30:00.000Z,150.0,148.0,146.0
NewDelhi-8118,2025-01-12T13:30:00.000Z,145.0,141.5,138.0
NewDelhi-8118,2025-01-12T14:00:00.000Z,149.0,145.0,141.5
NewDelhi-8118,2025-01-12T14:30:00.000Z,153.0,149.0,145.0
NewDelhi-8118,2025-01-12T15:00:00.000Z,154.5,153.0,149.0
NewDelhi-8118,2025-01-12T15:30:00.000Z,156.0,154.5,153.0
NewDelhi-8118,2025-01-12T16:00:00.000Z,186.5,156.0,154.5
NewDelhi-8118,2025-01-12T16:30:00.000Z,217.0,186.5,156.0
NewDelhi-8118,2025-01-13T02:30:00.000Z,88.0,86.0,84.0
NewDelhi-8118,2025-01-13T03:00:00.000Z,97.0,88.0,86.0
NewDelhi-8118,2025-01-13T03:30:00.000Z,106.0,97.0,88.0
NewDelhi-8118,2025-01-13T04:00:00.000Z,108.5,106.0,97.0
NewDelhi-8118,2025-01-13T04:30:00.000Z,111.0,108.5,106.0
NewDelhi-8118,2025-01-13T05:00:00.000Z,116.0,111.0,108.5
NewDelhi-8118,2025-01-13T05:30:00.000Z,121.0,116.0,111.0
NewDelhi-8118,2025-01-13T07:30:00.000Z,110.0,103.5,97.0
NewDelhi-8118,2025-01-13T09:30:00.000Z,114.0,109.0,104.0
NewDelhi-8118,2025-01-13T11:30:00.000Z,117.0,115.0,113.0
NewDelhi-8118,2025-01-13T13:30:00.000Z,123.0,120.0,117.0
NewDelhi-8118,2025-01-13T14:00:00.000Z,132.5,123.0,120.0
NewDelhi-8118,2025-01-13T14:30:00.000Z,142.0,132.5,123.0
NewDelhi-8118,2025-01-13T16:30:00.000Z,151.0,139.0,127.0
NewDelhi-8118,2025-01-13T17:00:00.000Z,169.0,151.0,139.0
NewDelhi-8118,2025-01-13T17:30:00.000Z,187.0,169.0,151.0
NewDelhi-8118,2025-01-13T18:00:00.000Z,187.5,187.0,169.0
NewDelhi-8118,2025-01-13T18:30:00.000Z,188.0,187.5,187.0
NewDelhi-8118,2025-01-13T21:30:00.000Z,122.0,114.5,107.0
NewDelhi-8118,2025-01-13T23:30:00.000Z,122.0,121.5,121.0
NewDelhi-8118,2025-01-14T00:00:00.000Z,126.5,122.0,121.5
NewDelhi-8118,2025-01-14T00:30:00.000Z,131.0,126.5,122.0
NewDelhi-8118,2025-01-14T02:30:00.000Z,136.0,130.0,124.0
NewDelhi-8118,2025-01-14T04:30:00.000Z,139.0,136.5,134.0
NewDelhi-8118,2025-01-14T05:00:00.000Z,145.0,139.0,136.5
NewDelhi-8118,2025-01-14T05:30:00.000Z,151.0,145.0,139.0
NewDelhi-8118,2025-01-14T06:00:00.000Z,158.5,151.0,145.0
NewDelhi-8118,2025-01-14T06:30:00.000Z,166.0,158.5,151.0
NewDelhi-8118,2025-01-14T09:30:00.000Z,148.0,144.0,140.0
NewDelhi-8118,2025-01-14T12:30:00.000Z,150.0,142.0,134.0
NewDelhi-8118,2025-01-14T13:00:00.000Z,157.5,150.0,142.0
NewDelhi-8118,2025-01-14T13:30:00.000Z,165.0,157.5,150.0
NewDelhi-8118,2025-01-14T14:00:00.000Z,190.5,165.0,157.5
NewDelhi-8118,2025-01-14T14:30:00.000Z,216.0,190.5,165.0
NewDelhi-8118,2025-01-14T15:00:00.000Z,232.0,216.0,190.5
NewDelhi-8118,2025-01-14T15:30:00.000Z,248.0,232.0,216.0
NewDelhi-8118,2025-01-14T17:30:00.000Z,239.0,229.0,219.0
NewDelhi-8118,2025-01-14T18:00:00.000Z,259.5,239.0,229.0
NewDelhi-8118,2025-01-14T18:30:00.000Z,280.0,259.5,239.0
NewDelhi-8118,2025-01-14T19:00:00.000Z,289.5,280.0,259.5
NewDelhi-8118,2025-01-14T19:30:00.000Z,299.0,289.5,280.0
NewDelhi-8118,2025-01-14T20:00:00.000Z,300.0,299.0,289.5
NewDelhi-8118,2025-01-14T20:30:00.000Z,301.0,300.0,299.0
NewDelhi-8118,2025-01-14T21:00:00.000Z,341.0,301.0,300.0
NewDelhi-8118,2025-01-14T21:30:00.000Z,381.0,341.0,301.0
NewDelhi-8118,2025-01-15T03:30:00.000Z,320.0,305.5,291.0
NewDelhi-8118,2025-01-15T05:30:00.000Z,301.0,284.0,267.0
NewDelhi-8118,2025-01-15T06:00:00.000Z,311.0,301.0,284.0
NewDelhi-8118,2025-01-15T06:30:00.000Z,321.0,311.0,301.0
NewDelhi-8118,2025-01-15T12:30:00.000Z,188.0,187.5,187.0
NewDelhi-8118,2025-01-15T13:00:00.000Z,194.5,188.0,187.5
NewDelhi-8118,2025-01-15T13:30:00.000Z,201.0,194.5,188.0
NewDelhi-8118,2025-01-15T15:30:00.000Z,207.0,199.5,192.0
NewDelhi-8118,2025-01-15T16:00:00.000Z,211.0,207.0,199.5
NewDelhi-8118,2025-01-15T16:30:00.000Z,215.0,211.0,207.0
NewDelhi-8118,2025-01-15T19:30:00.000Z,158.0,157.0,156.0
NewDelhi-8118,2025-01-15T22:30:00.000Z,154.0,149.5,145.0
NewDelhi-8118,2025-01-16T03:30:00.000Z,115.0,112.5,110.0
NewDelhi-8118,2025-01-16T04:00:00.000Z,131.0,115.0,112.5
NewDelhi-8118,2025-01-16T04:30:00.000Z,147.0,131.0,115.0
NewDelhi-8118,2025-01-16T05:00:00.000Z,153.0,147.0,131.0
NewDelhi-8118,2025-01-16T05:30:00.000Z,159.0,153.0,147.0
NewDelhi-8118,2025-01-16T09:30:00.000Z,105.0,103.0,101.0
NewDelhi-8118,2025-01-16T10:00:00.000Z,115.0,105.0,103.0
NewDelhi-8118,2025-01-16T10:30:00.000Z,125.0,115.0,105.0
NewDelhi-8118,2025-01-16T11:00:00.000Z,127.0,125.0,115.0
NewDelhi-8118,2025-01-16T11:30:00.000Z,129.0,127.0,125.0
NewDelhi-8118,2025-01-16T13:30:00.000Z,142.0,134.5,127.0
NewDelhi-8118,2025-01-16T14:00:00.000Z,158.5,142.0,134.5
NewDelhi-8118,2025-01-16T14:30:00.000Z,175.0,158.5,142.0
NewDelhi-8118,2025-01-16T15:00:00.000Z,201.0,175.0,158.5
NewDelhi-8118,2025-01-16T15:30:00.000Z,227.0,201.0,175.0
NewDelhi-8118,2025-01-16T16:00:00.000Z,252.0,227.0,201.0
NewDelhi-8118,2025-01-16T16:30:00.000Z,277.0,252.0,227.0
NewDelhi-8118,2025-01-16T17:00:00.000Z,294.0,277.0,252.0
NewDelhi-8118,2025-01-16T17:30:00.000Z,311.0,294.0,277.0
NewDelhi-8118,2025-01-17T00:30:00.000Z,133.0,132.5,132.0
NewDelhi-8118,2025-01-17T02:30:00.000Z,126.0,122.0,118.0
NewDelhi-8118,2025-01-17T03:00:00.000Z,132.0,126.0,122.0
NewDelhi-8118,2025-01-17T03:30:00.000Z,138.0,132.0,126.0
NewDelhi-8118,2025-01-17T04:00:00.000Z,147.5,138.0,132.0
NewDelhi-8118,2025-01-17T04:30:00.000Z,157.0,147.5,138.0
NewDelhi-8118,2025-01-17T05:00:00.000Z,161.0,157.0,147.5
NewDelhi-8118,2025-01-17T05:30:00.000Z,165.0,161.0,157.0
NewDelhi-8118,2025-01-17T06:00:00.000Z,165.5,165.0,161.0
NewDelhi-8118,2025-01-17T06:30:00.000Z,166.0,165.5,165.0
NewDelhi-8118,2025-01-17T11:30:00.000Z,119.0,113.5,108.0
NewDelhi-8118,2025-01-17T12:00:00.000Z,123.5,119.0,113.5
NewDelhi-8118,2025-01-17T12:30:00.000Z,128.0,123.5,119.0
NewDelhi-8118,2025-01-17T13:00:00.000Z,134.0,128.0,123.5
NewDelhi-8118,2025-01-17T13:30:00.000Z,140.0,134.0,128.0
NewDelhi-8118,2025-01-17T14:00:00.000Z,155.0,140.0,134.0
NewDelhi-8118,2025-01-17T14:30:00.000Z,170.0,155.0,140.0
NewDelhi-8118,2025-01-17T20:30:00.000Z,153.0,139.0,125.0
NewDelhi-8118,2025-01-18T04:30:00.000Z,117.0,115.0,113.0
NewDelhi-8118,2025-01-18T05:00:00.000Z,124.5,117.0,115.0
NewDelhi-8118,2025-01-18T05:30:00.000Z,132.0,124.5,117.0
NewDelhi-8118,2025-01-18T06:00:00.000Z,134.5,132.0,124.5
NewDelhi-8118,2025-01-18T06:30:00.000Z,137.0,134.5,132.0
NewDelhi-8118,2025-01-18T07:00:00.000Z,142.0,137.0,134.5
NewDelhi-8118,2025-01-18T07:30:00.000Z,147.0,142.0,137.0
NewDelhi-8118,2025-01-18T08:00:00.000Z,162.5,147.0,142.0
NewDelhi-8118,2025-01-18T08:30:00.000Z,178.0,162.5,147.0
NewDelhi-8118,2025-01-18T10:30:00.000Z,219.0,198.0,177.0
NewDelhi-8118,2025-01-18T11:00:00.000Z,219.5,219.0,198.0
NewDelhi-8118,2025-01-18T11:30:00.000Z,220.0,219.5,219.0
NewDelhi-8118,2025-01-18T14:30:00.000Z,188.0,187.0,186.0
NewDelhi-8118,2025-01-18T15:00:00.000Z,192.0,188.0,187.0
NewDelhi-8118,2025-01-18T15:30:00.000Z,196.0,192.0,188.0
NewDelhi-8118,2025-01-18T16:00:00.000Z,212.0,196.0,192.0
NewDelhi-8118,2025-01-18T16:30:00.000Z,228.0,212.0,196.0
NewDelhi-8118,2025-01-18T17:00:00.000Z,261.5,228.0,212.0
NewDelhi-8118,2025-01-18T17:30:00.000Z,295.0,261.5,228.0
NewDelhi-8118,2025-01-18T19:30:00.000Z,225.0,223.5,222.0
NewDelhi-8118,2025-01-18T20:00:00.000Z,228.5,225.0,223.5
NewDelhi-8118,2025-01-18T20:30:00.000Z,232.0,228.5,225.0
NewDelhi-8118,2025-01-19T00:30:00.000Z,220.0,215.0,210.0
NewDelhi-8118,2025-01-19T01:00:00.000Z,233.0,220.0,215.0
NewDelhi-8118,2025-01-19T01:30:00.000Z,246.0,233.0,220.0
NewDelhi-8118,2025-01-19T02:00:00.000Z,263.0,246.0,233.0
NewDelhi-8118,2025-01-19T02:30:00.000Z,280.0,263.0,246.0
NewDelhi-8118,2025-01-19T03:00:00.000Z,286.5,280.0,263.0
NewDelhi-8118,2025-01-19T03:30:00.000Z,293.0,286.5,280.0
NewDelhi-8118,2025-01-19T04:00:00.000Z,331.0,293.0,286.5
NewDelhi-8118,2025-01-19T04:30:00.000Z,369.0,331.0,293.0
NewDelhi-8118,2025-01-19T05:00:00.000Z,377.5,369.0,331.0
NewDelhi-8118,2025-01-19T05:30:00.000Z,386.0,377.5,369.0
NewDelhi-8118,2025-01-19T11:00:00.000Z,100.5,95.0,94.5
NewDelhi-8118,2025-01-19T11:30:00.000Z,106.0,100.5,95.0
NewDelhi-8118,2025-01-19T12:00:00.000Z,113.0,106.0,100.5
NewDelhi-8118,2025-01-19T12:30:00.000Z,120.0,113.0,106.0
NewDelhi-8118,2025-01-19T13:00:00.000Z,124.5,120.0,113.0
NewDelhi-8118,2025-01-19T13:30:00.000Z,129.0,124.5,120.0
NewDelhi-8118,2025-01-19T14:00:00.000Z,156.5,129.0,124.5
NewDelhi-8118,2025-01-19T14:30:00.000Z,184.0,156.5,129.0
NewDelhi-8118,2025-01-19T15:00:00.000Z,198.0,184.0,156.5
NewDelhi-8118,2025-01-19T15:30:00.000Z,212.0,198.0,184.0
NewDelhi-8118,2025-01-19T16:00:00.000Z,221.0,212.0,198.0
NewDelhi-8118,2025-01-19T16:30:00.000Z,230.0,221.0,212.0
NewDelhi-8118,2025-01-19T17:00:00.000Z,243.5,230.0,221.0
NewDelhi-8118,2025-01-19T17:30:00.000Z,257.0,243.5,230.0
NewDelhi-8118,2025-01-19T18:00:00.000Z,267.0,257.0,243.5
NewDelhi-8118,2025-01-19T18:30:00.000Z,277.0,267.0,257.0
NewDelhi-8118,2025-01-19T19:00:00.000Z,286.5,277.0,267.0
NewDelhi-8118,2025-01-19T19:30:00.000Z,296.0,286.5,277.0
NewDelhi-8118,2025-01-19T22:30:00.000Z,187.0,178.5,170.0
NewDelhi-8118,2025-01-20T03:30:00.000Z,159.0,157.5,156.0
NewDelhi-8118,2025-01-20T11:30:00.000Z,121.0,113.0,105.0
NewDelhi-8118,2025-01-20T12:00:00.000Z,123.0,121.0,113.0
NewDelhi-8118,2025-01-20T12:30:00.000Z,125.0,123.0,121.0
NewDelhi-8118,2025-01-20T13:00:00.000Z,139.5,125.0,123.0
NewDelhi-8118,2025-01-20T13:30:00.000Z,154.0,139.5,125.0
NewDelhi-8118,2025-01-20T14:00:00.000Z,166.5,154.0,139.5
NewDelhi-8118,2025-01-20T14:30:00.000Z,179.0,166.5,154.0
NewDelhi-8118,2025-01-20T15:00:00.000Z,189.0,179.0,166.5
NewDelhi-8118,2025-01-20T15:30:00.000Z,199.0,189.0,179.0
NewDelhi-8118,2025-01-20T16:00:00.000Z,205.0,199.0,189.0
NewDelhi-8118,2025-01-20T16:30:00.000Z,211.0,205.0,199.0
NewDelhi-8118,2025-01-20T19:30:00.000Z,167.0,162.5,158.0
NewDelhi-8118,2025-01-21T02:30:00.000Z,150.0,145.0,140.0
NewDelhi-8118,2025-01-21T07:30:00.000Z,142.0,113.0,84.0
NewDelhi-8118,2025-01-21T11:30:00.000Z,87.0,84.5,82.0
NewDelhi-8118,2025-01-21T12:00:00.000Z,93.5,87.0,84.5
NewDelhi-8118,2025-01-21T12:30:00.000Z,100.0,93.5,87.0
NewDelhi-8118,2025-01-21T13:00:00.000Z,112.0,100.0,93.5
NewDelhi-8118,2025-01-21T13:30:00.000Z,124.0,112.0,100.0
NewDelhi-8118,2025-01-21T14:00:00.000Z,142.5,124.0,112.0
NewDelhi-8118,2025-01-21T14:30:00.000Z,161.0,142.5,124.0
NewDelhi-8118,2025-01-21T15:00:00.000Z,168.5,161.0,142.5
NewDelhi-8118,2025-01-21T15:30:00.000Z,176.0,168.5,161.0
NewDelhi-8118,2025-01-21T18:30:00.000Z,160.0,158.0,156.0
NewDelhi-8118,2025-01-21T19:00:00.000Z,163.0,160.0,158.0
NewDelhi-8118,2025-01-21T19:30:00.000Z,166.0,163.0,160.0
NewDelhi-8118,2025-01-21T23:30:00.000Z,136.0,127.5,119.0
NewDelhi-8118,2025-01-22T01:30:00.000Z,136.0,133.0,130.0
NewDelhi-8118,2025-01-22T03:30:00.000Z,123.0,121.5,120.0
NewDelhi-8118,2025-01-22T04:00:00.000Z,133.5,123.0,121.5
NewDelhi-8118,2025-01-22T04:30:00.000Z,144.0,133.5,123.0
NewDelhi-8118,2025-01-22T12:30:00.000Z,56.0,53.5,51.0
NewDelhi-8118,2025-01-22T13:00:00.000Z,67.0,56.0,53.5
NewDelhi-8118,2025-01-22T13:30:00.000Z,78.0,67.0,56.0
NewDelhi-8118,2025-01-22T14:00:00.000Z,96.5,78.0,67.0
NewDelhi-8118,2025-01-22T14:30:00.000Z,115.0,96.5,78.0
NewDelhi-8118,2025-01-22T15:00:00.000Z,133.5,115.0,96.5
NewDelhi-8118,2025-01-22T15:30:00.000Z,152.0,133.5,115.0
NewDelhi-8118,2025-01-22T16:00:00.000Z,170.5,152.0,133.5
NewDelhi-8118,2025-01-22T16:30:00.000Z,189.0,170.5,152.0
NewDelhi-8118,2025-01-22T17:00:00.000Z,218.0,189.0,170.5
NewDelhi-8118,2025-01-22T17:30:00.000Z,247.0,218.0,189.0
NewDelhi-8118,2025-01-22T18:00:00.000Z,251.5,247.0,218.0
NewDelhi-8118,2025-01-22T18:30:00.000Z,256.0,251.5,247.0
NewDelhi-8118,2025-01-22T21:30:00.000Z,142.0,132.5,123.0
NewDelhi-8118,2025-01-22T22:00:00.000Z,145.5,142.0,132.5
NewDelhi-8118,2025-01-22T22:30:00.000Z,149.0,145.5,142.0
NewDelhi-8118,2025-01-22T23:00:00.000Z,153.5,149.0,145.5
NewDelhi-8118,2025-01-22T23:30:00.000Z,158.0,153.5,149.0
NewDelhi-8118,2025-01-23T02:30:00.000Z,181.0,168.0,155.0
NewDelhi-8118,2025-01-23T04:30:00.000Z,164.0,161.0,158.0
NewDelhi-8118,2025-01-23T05:00:00.000Z,169.5,164.0,161.0
NewDelhi-8118,2025-01-23T05:30:00.000Z,175.0,169.5,164.0
NewDelhi-8118,2025-01-23T10:30:00.000Z,41.0,38.5,36.0
NewDelhi-8118,2025-01-23T12:30:00.000Z,44.0,41.0,38.0
NewDelhi-8118,2025-01-23T13:00:00.000Z,49.5,44.0,41.0
NewDelhi-8118,2025-01-23T13:30:00.000Z,55.0,49.5,44.0
NewDelhi-8118,2025-01-23T14:00:00.000Z,76.0,55.0,49.5
NewDelhi-8118,2025-01-23T14:30:00.000Z,97.0,76.0,55.0
NewDelhi-8118,2025-01-23T15:00:00.000Z,105.0,97.0,76.0
NewDelhi-8118,2025-01-23T15:30:00.000Z,113.0,105.0,97.0
NewDelhi-8118,2025-01-23T19:30:00.000Z,94.0,92.5,91.0
NewDelhi-8118,2025-01-23T20:00:00.000Z,98.0,94.0,92.5
NewDelhi-8118,2025-01-23T20:30:00.000Z,102.0,98.0,94.0
NewDelhi-8118,2025-01-23T22:30:00.000Z,99.0,96.0,93.0
NewDelhi-8118,2025-01-23T23:00:00.000Z,110.0,99.0,96.0
NewDelhi-8118,2025-01-23T23:30:00.000Z,121.0,110.0,99.0
NewDelhi-8118,2025-01-24T00:00:00.000Z,122.0,121.0,110.0
NewDelhi-8118,2025-01-24T00:30:00.000Z,123.0,122.0,121.0
NewDelhi-8118,2025-01-24T04:30:00.000Z,117.0,116.0,115.0
NewDelhi-8118,2025-01-24T11:30:00.000Z,36.0,33.5,31.0
NewDelhi-8118,2025-01-24T12:00:00.000Z,43.0,36.0,33.5
NewDelhi-8118,2025-01-24T12:30:00.000Z,50.0,43.0,36.0
NewDelhi-8118,2025-01-24T13:00:00.000Z,58.5,50.0,43.0
NewDelhi-8118,2025-01-24T13:30:00.000Z,67.0,58.5,50.0
NewDelhi-8118,2025-01-24T14:00:00.000Z,78.0,67.0,58.5
NewDelhi-8118,2025-01-24T14:30:00.000Z,89.0,78.0,67.0
NewDelhi-8118,2025-01-24T15:00:00.000Z,107.5,89.0,78.0
NewDelhi-8118,2025-01-24T15:30:00.000Z,126.0,107.5,89.0
NewDelhi-8118,2025-01-24T16:00:00.000Z,129.0,126.0,107.5
NewDelhi-8118,2025-01-24T16:30:00.000Z,132.0,129.0,126.0
NewDelhi-8118,2025-01-24T19:30:00.000Z,103.0,102.0,101.0
NewDelhi-8118,2025-01-25T03:30:00.000Z,69.0,66.0,63.0
NewDelhi-8118,2025-01-25T08:30:00.000Z,45.0,44.0,43.0
NewDelhi-8118,2025-01-25T11:30:00.000Z,49.0,45.0,41.0
NewDelhi-8118,2025-01-25T12:00:00.000Z,50.5,49.0,45.0
NewDelhi-8118,2025-01-25T12:30:00.000Z,52.0,50.5,49.0
NewDelhi-8118,2025-01-25T13:00:00.000Z,58.5,52.0,50.5
NewDelhi-8118,2025-01-25T13:30:00.000Z,65.0,58.5,52.0
NewDelhi-8118,2025-01-25T14:00:00.000Z,92.0,65.0,58.5
NewDelhi-8118,2025-01-25T14:30:00.000Z,119.0,92.0,65.0
NewDelhi-8118,2025-01-25T20:30:00.000Z,88.0,85.0,82.0
NewDelhi-8118,2025-01-25T21:00:00.000Z,88.5,88.0,85.0
NewDelhi-8118,2025-01-25T21:30:00.000Z,89.0,88.5,88.0
NewDelhi-8118,2025-01-25T22:00:00.000Z,91.5,89.0,88.5
NewDelhi-8118,2025-01-25T22:30:00.000Z,94.0,91.5,89.0
NewDelhi-8118,2025-01-26T00:30:00.000Z,91.0,90.5,90.0
NewDelhi-8118,2025-01-26T03:30:00.000Z,82.0,80.5,79.0
NewDelhi-8118,2025-01-26T04:00:00.000Z,83.5,82.0,80.5
NewDelhi-8118,2025-01-26T04:30:00.000Z,85.0,83.5,82.0
NewDelhi-8118,2025-01-26T05:00:00.000Z,86.0,85.0,83.5
NewDelhi-8118,2025-01-26T05:30:00.000Z,87.0,86.0,85.0
NewDelhi-8118,2025-01-26T09:30:00.000Z,58.0,57.0,56.0
NewDelhi-8118,2025-01-26T11:30:00.000Z,59.0,55.5,52.0
NewDelhi-8118,2025-01-26T13:30:00.000Z,77.0,64.5,52.0
NewDelhi-8118,2025-01-26T14:00:00.000Z,91.5,77.0,64.5
NewDelhi-8118,2025-01-26T14:30:00.000Z,106.0,91.5,77.0
NewDelhi-8118,2025-01-26T15:00:00.000Z,126.0,106.0,91.5
NewDelhi-8118,2025-01-26T15:30:00.000Z,146.0,126.0,106.0
NewDelhi-8118,2025-01-26T19:30:00.000Z,118.0,113.5,109.0
NewDelhi-8118,2025-01-26T20:00:00.000Z,125.0,118.0,113.5
NewDelhi-8118,2025-01-26T20:30:00.000Z,132.0,125.0,118.0
NewDelhi-8118,2025-01-26T21:00:00.000Z,139.0,132.0,125.0
NewDelhi-8118,2025-01-26T21:30:00.000Z,146.0,139.0,132.0
NewDelhi-8118,2025-01-27T01:30:00.000Z,129.0,128.0,127.0
NewDelhi-8118,2025-01-27T04:30:00.000Z,119.0,118.5,118.0
NewDelhi-8118,2025-01-27T07:30:00.000Z,101.0,95.5,90.0
NewDelhi-8118,2025-01-27T10:30:00.000Z,64.0,62.0,60.0
NewDelhi-8118,2025-01-27T11:00:00.000Z,67.0,64.0,62.0
NewDelhi-8118,2025-01-27T11:30:00.000Z,70.0,67.0,64.0
NewDelhi-8118,2025-01-27T12:00:00.000Z,75.5,70.0,67.0
NewDelhi-8118,2025-01-27T12:30:00.000Z,81.0,75.5,70.0
NewDelhi-8118,2025-01-27T13:00:00.000Z,86.5,81.0,75.5
NewDelhi-8118,2025-01-27T13:30:00.000Z,92.0,86.5,81.0
NewDelhi-8118,2025-01-27T14:00:00.000Z,110.0,92.0,86.5
NewDelhi-8118,2025-01-27T14:30:00.000Z,128.0,110.0,92.0
NewDelhi-8118,2025-01-27T15:00:00.000Z,138.0,128.0,110.0
NewDelhi-8118,2025-01-27T15:30:00.000Z,148.0,138.0,128.0
NewDelhi-8118,2025-01-27T21:30:00.000Z,124.0,121.0,118.0
NewDelhi-8118,2025-01-28T00:30:00.000Z,102.0,100.0,98.0
NewDelhi-8118,2025-01-28T01:00:00.000Z,103.0,102.0,100.0
NewDelhi-8118,2025-01-28T01:30:00.000Z,104.0,103.0,102.0
NewDelhi-8118,2025-01-28T02:00:00.000Z,114.0,104.0,103.0
NewDelhi-8118,2025-01-28T02:30:00.000Z,124.0,114.0,104.0
NewDelhi-8118,2025-01-28T04:30:00.000Z,137.0,130.5,124.0
NewDelhi-8118,2025-01-28T08:30:00.000Z,89.0,88.5,88.0
NewDelhi-8118,2025-01-28T11:30:00.000Z,70.0,63.5,57.0
NewDelhi-8118,2025-01-28T12:00:00.000Z,75.0,70.0,63.5
NewDelhi-8118,2025-01-28T12:30:00.000Z,80.0,75.0,70.0
NewDelhi-8118,2025-01-28T13:00:00.000Z,92.0,80.0,75.0
NewDelhi-8118,2025-01-28T13:30:00.000Z,104.0,92.0,80.0
NewDelhi-8118,2025-01-28T14:00:00.000Z,115.0,104.0,92.0
NewDelhi-8118,2025-01-28T14:30:00.000Z,126.0,115.0,104.0
NewDelhi-8118,2025-01-28T15:00:00.000Z,151.5,126.0,115.0
NewDelhi-8118,2025-01-28T15:30:00.000Z,177.0,151.5,126.0
NewDelhi-8118,2025-01-28T16:00:00.000Z,180.5,177.0,151.5
NewDelhi-8118,2025-01-28T16:30:00.000Z,184.0,180.5,177.0
NewDelhi-8118,2025-01-28T20:30:00.000Z,159.0,148.0,137.0
NewDelhi-8118,2025-01-28T21:00:00.000Z,170.0,159.0,148.0
NewDelhi-8118,2025-01-28T21:30:00.000Z,181.0,170.0,159.0
NewDelhi-8118,2025-01-28T22:00:00.000Z,220.0,181.0,170.0
NewDelhi-8118,2025-01-28T22:30:00.000Z,259.0,220.0,181.0
NewDelhi-8118,2025-01-28T23:00:00.000Z,295.0,259.0,220.0
NewDelhi-8118,2025-01-28T23:30:00.000Z,331.0,295.0,259.0
NewDelhi-8118,2025-01-29T00:00:00.000Z,355.5,331.0,295.0
NewDelhi-8118,2025-01-29T00:30:00.000Z,380.0,355.5,331.0
NewDelhi-8118,2025-01-29T01:00:00.000Z,388.0,380.0,355.5
NewDelhi-8118,2025-01-29T01:30:00.000Z,396.0,388.0,380.0
NewDelhi-8118,2025-01-29T04:30:00.000Z,362.0,328.5,295.0
NewDelhi-8118,2025-01-29T12:30:00.000Z,134.0,124.5,115.0
NewDelhi-8118,2025-01-29T13:00:00.000Z,140.0,134.0,124.5
NewDelhi-8118,2025-01-29T13:30:00.000Z,146.0,140.0,134.0
NewDelhi-8118,2025-01-29T14:00:00.000Z,153.5,146.0,140.0
NewDelhi-8118,2025-01-29T14:30:00.000Z,161.0,153.5,146.0
NewDelhi-8118,2025-01-29T15:00:00.000Z,173.5,161.0,153.5
NewDelhi-8118,2025-01-29T15:30:00.000Z,186.0,173.5,161.0
NewDelhi-8118,2025-01-29T16:00:00.000Z,208.5,186.0,173.5
NewDelhi-8118,2025-01-29T16:30:00.000Z,231.0,208.5,186.0
NewDelhi-8118,2025-01-29T17:00:00.000Z,232.0,231.0,208.5
NewDelhi-8118,2025-01-29T17:30:00.000Z,233.0,232.0,231.0
NewDelhi-8118,2025-01-29T19:30:00.000Z,235.0,233.5,232.0
NewDelhi-8118,2025-01-29T20:00:00.000Z,235.5,235.0,233.5
NewDelhi-8118,2025-01-29T20:30:00.000Z,236.0,235.5,235.0
NewDelhi-8118,2025-01-30T01:30:00.000Z,206.0,204.5,203.0
NewDelhi-8118,2025-01-30T02:00:00.000Z,216.0,206.0,204.5
NewDelhi-8118,2025-01-30T02:30:00.000Z,226.0,216.0,206.0
NewDelhi-8118,2025-01-30T03:00:00.000Z,243.5,226.0,216.0
NewDelhi-8118,2025-01-30T03:30:00.000Z,261.0,243.5,226.0
NewDelhi-8118,2025-01-30T10:30:00.000Z,112.0,111.5,111.0
NewDelhi-8118,2025-01-30T11:00:00.000Z,113.5,112.0,111.5
NewDelhi-8118,2025-01-30T11:30:00.000Z,115.0,113.5,112.0
NewDelhi-8118,2025-01-30T12:00:00.000Z,115.5,115.0,113.5
NewDelhi-8118,2025-01-30T12:30:00.000Z,116.0,115.5,115.0
NewDelhi-8118,2025-01-30T13:00:00.000Z,117.0,116.0,115.5
NewDelhi-8118,2025-01-30T13:30:00.000Z,118.0,117.0,116.0
NewDelhi-8118,2025-01-30T14:00:00.000Z,139.0,118.0,117.0
NewDelhi-8118,2025-01-30T16:00:00.000Z,164.5,160.0,139.0
NewDelhi-8118,2025-01-30T16:30:00.000Z,169.0,164.5,160.0
NewDelhi-8118,2025-01-30T17:00:00.000Z,177.5,169.0,164.5
NewDelhi-8118,2025-01-30T17:30:00.000Z,186.0,177.5,169.0
NewDelhi-8118,2025-01-30T18:00:00.000Z,192.0,186.0,177.5
NewDelhi-8118,2025-01-30T18:30:00.000Z,198.0,192.0,186.0
NewDelhi-8118,2025-01-30T19:00:00.000Z,200.0,198.0,192.0
NewDelhi-8118,2025-01-30T19:30:00.000Z,202.0,200.0,198.0
NewDelhi-8118,2025-01-30T20:00:00.000Z,206.5,202.0,200.0
NewDelhi-8118,2025-01-30T20:30:00.000Z,211.0,206.5,202.0
NewDelhi-8118,2025-01-31T04:30:00.000Z,221.0,217.0,213.0
NewDelhi-8118,2025-01-31T06:30:00.000Z,166.0,89.5,13.0
NewDelhi-8118,2025-01-31T11:30:00.000Z,144.0,138.0,132.0
NewDelhi-8118,2025-01-31T12:00:00.000Z,158.5,144.0,138.0
NewDelhi-8118,2025-01-31T12:30:00.000Z,173.0,158.5,144.0
NewDelhi-8118,2025-01-31T13:00:00.000Z,189.0,173.0,158.5
NewDelhi-8118,2025-01-31T13:30:00.000Z,205.0,189.0,173.0
NewDelhi-8118,2025-01-31T14:00:00.000Z,212.0,205.0,189.0
NewDelhi-8118,2025-01-31T14:30:00.000Z,219.0,212.0,205.0
NewDelhi-8118,2025-01-31T15:00:00.000Z,222.0,219.0,212.0
NewDelhi-8118,2025-01-31T15:30:00.000Z,225.0,222.0,219.0
NewDelhi-8118,2025-01-31T16:00:00.000Z,231.5,225.0,222.0
NewDelhi-8118,2025-01-31T16:30:00.000Z,238.0,231.5,225.0
NewDelhi-8118,2025-01-31T17:00:00.000Z,240.0,238.0,231.5
NewDelhi-8118,2025-01-31T17:30:00.000Z,242.0,240.0,238.0
NewDelhi-8118,2025-01-31T18:00:00.000Z,248.0,242.0,240.0
NewDelhi-8118,2025-01-31T18:30:00.000Z,254.0,248.0,242.0
NewDelhi-8118,2025-01-31T19:00:00.000Z,258.0,254.0,248.0
NewDelhi-8118,2025-01-31T19:30:00.000Z,262.0,258.0,254.0
NewDelhi-8118,2025-01-31T21:30:00.000Z,264.0,263.0,262.0
NewDelhi-8118,2025-02-01T04:30:00.000Z,206.0,185.5,165.0
NewDelhi-8118,2025-02-01T05:00:00.000Z,239.5,206.0,185.5
NewDelhi-8118,2025-02-01T05:30:00.000Z,273.0,239.5,206.0
NewDelhi-8118,2025-02-01T06:00:00.000Z,274.0,273.0,239.5
NewDelhi-8118,2025-02-01T06:30:00.000Z,275.0,274.0,273.0
NewDelhi-8118,2025-02-01T08:30:00.000Z,320.0,272.5,225.0
NewDelhi-8118,2025-02-01T11:30:00.000Z,134.0,114.0,94.0
NewDelhi-8118,2025-02-01T12:00:00.000Z,165.0,134.0,114.0
NewDelhi-8118,2025-02-01T12:30:00.000Z,196.0,165.0,134.0
NewDelhi-8118,2025-02-01T14:30:00.000Z,227.0,211.0,195.0
NewDelhi-8118,2025-02-01T15:00:00.000Z,234.5,227.0,211.0
NewDelhi-8118,2025-02-01T15:30:00.000Z,242.0,234.5,227.0
NewDelhi-8118,2025-02-01T21:30:00.000Z,174.0,172.0,170.0
NewDelhi-8118,2025-02-01T22:00:00.000Z,182.5,174.0,172.0
NewDelhi-8118,2025-02-02T01:30:00.000Z,183.0,180.0,177.0
NewDelhi-8118,2025-02-02T03:30:00.000Z,183.0,175.5,168.0
NewDelhi-8118,2025-02-02T04:00:00.000Z,195.5,183.0,175.5
NewDelhi-8118,2025-02-02T04:30:00.000Z,208.0,195.5,183.0
NewDelhi-8118,2025-02-02T05:00:00.000Z,217.5,208.0,195.5
NewDelhi-8118,2025-02-02T05:30:00.000Z,227.0,217.5,208.0
NewDelhi-8118,2025-02-02T06:00:00.000Z,232.5,227.0,217.5
NewDelhi-8118,2025-02-02T06:30:00.000Z,238.0,232.5,227.0
NewDelhi-8118,2025-02-02T11:30:00.000Z,173.0,170.0,167.0
NewDelhi-8118,2025-02-02T14:30:00.000Z,169.0,166.0,163.0
NewDelhi-8118,2025-02-02T15:00:00.000Z,171.5,169.0,166.0
NewDelhi-8118,2025-02-02T15:30:00.000Z,174.0,171.5,169.0
NewDelhi-8118,2025-02-02T16:00:00.000Z,184.5,174.0,171.5
NewDelhi-8118,2025-02-02T16:30:00.000Z,195.0,184.5,174.0
NewDelhi-8118,2025-02-02T22:30:00.000Z,153.0,145.5,138.0
NewDelhi-8118,2025-02-02T23:00:00.000Z,155.5,153.0,145.5
NewDelhi-8118,2025-02-02T23:30:00.000Z,158.0,155.5,153.0
NewDelhi-8118,2025-02-03T04:30:00.000Z,192.0,156.0,120.0
NewDelhi-8118,2025-02-03T07:30:00.000Z,100.0,54.0,8.0
NewDelhi-8118,2025-02-03T11:30:00.000Z,74.0,62.0,50.0
NewDelhi-8118,2025-02-03T13:30:00.000Z,74.0,72.0,70.0
NewDelhi-8118,2025-02-03T14:00:00.000Z,89.0,74.0,72.0
NewDelhi-8118,2025-02-03T14:30:00.000Z,104.0,89.0,74.0
NewDelhi-8118,2025-02-03T15:00:00.000Z,107.5,104.0,89.0
NewDelhi-8118,2025-02-03T15:30:00.000Z,111.0,107.5,104.0
NewDelhi-8118,2025-02-03T17:30:00.000Z,119.0,112.5,106.0
NewDelhi-8118,2025-02-03T18:00:00.000Z,124.0,119.0,112.5
NewDelhi-8118,2025-02-03T18:30:00.000Z,129.0,124.0,119.0
NewDelhi-8118,2025-02-03T19:00:00.000Z,130.5,129.0,124.0
NewDelhi-8118,2025-02-03T19:30:00.000Z,132.0,130.5,129.0
NewDelhi-8118,2025-02-03T20:00:00.000Z,136.5,132.0,130.5
NewDelhi-8118,2025-02-03T20:30:00.000Z,141.0,136.5,132.0
NewDelhi-8118,2025-02-04T00:30:00.000Z,105.0,103.0,101.0
NewDelhi-8118,2025-02-04T01:00:00.000Z,109.5,105.0,103.0
NewDelhi-8118,2025-02-04T01:30:00.000Z,114.0,109.5,105.0
NewDelhi-8118,2025-02-04T02:00:00.000Z,116.5,114.0,109.5
NewDelhi-8118,2025-02-04T02:30:00.000Z,119.0,116.5,114.0
NewDelhi-8118,2025-02-04T03:00:00.000Z,133.5,119.0,116.5
NewDelhi-8118,2025-02-04T03:30:00.000Z,148.0,133.5,119.0
NewDelhi-8118,2025-02-04T04:00:00.000Z,150.5,148.0,133.5
NewDelhi-8118,2025-02-04T04:30:00.000Z,153.0,150.5,148.0
NewDelhi-8118,2025-02-04T06:30:00.000Z,141.0,138.0,135.0
NewDelhi-8118,2025-02-04T09:30:00.000Z,118.0,105.0,92.0
NewDelhi-8118,2025-02-04T10:00:00.000Z,141.5,118.0,105.0
NewDelhi-8118,2025-02-04T10:30:00.000Z,165.0,141.5,118.0
NewDelhi-8118,2025-02-04T11:00:00.000Z,179.0,165.0,141.5
NewDelhi-8118,2025-02-04T11:30:00.000Z,193.0,179.0,165.0
NewDelhi-8118,2025-02-04T13:30:00.000Z,208.0,200.5,193.0
NewDelhi-8118,2025-02-04T14:00:00.000Z,211.0,208.0,200.5
NewDelhi-8118,2025-02-04T14:30:00.000Z,214.0,211.0,208.0
NewDelhi-8118,2025-02-04T15:00:00.000Z,222.0,214.0,211.0
NewDelhi-8118,2025-02-04T15:30:00.000Z,230.0,222.0,214.0
NewDelhi-8118,2025-02-04T16:00:00.000Z,235.0,230.0,222.0
NewDelhi-8118,2025-02-04T16:30:00.000Z,240.0,235.0,230.0
NewDelhi-8118,2025-02-05T01:30:00.000Z,132.0,126.5,121.0
NewDelhi-8118,2025-02-05T03:30:00.000Z,139.0,134.5,130.0
NewDelhi-8118,2025-02-05T13:30:00.000Z,54.0,44.0,34.0
NewDelhi-8118,2025-02-05T14:00:00.000Z,77.0,54.0,44.0
NewDelhi-8118,2025-02-05T14:30:00.000Z,100.0,77.0,54.0
NewDelhi-8118,2025-02-05T15:00:00.000Z,106.0,100.0,77.0
NewDelhi-8118,2025-02-05T15:30:00.000Z,112.0,106.0,100.0
NewDelhi-8118,2025-02-05T16:00:00.000Z,123.5,112.0,106.0
NewDelhi-8118,2025-02-05T16:30:00.000Z,135.0,123.5,112.0
NewDelhi-8118,2025-02-05T17:00:00.000Z,145.5,135.0,123.5
NewDelhi-8118,2025-02-05T17:30:00.000Z,156.0,145.5,135.0
NewDelhi-8118,2025-02-05T20:30:00.000Z,134.0,132.5,131.0
NewDelhi-8118,2025-02-05T22:30:00.000Z,135.0,132.0,129.0
NewDelhi-8118,2025-02-06T03:30:00.000Z,126.0,122.0,118.0
NewDelhi-8118,2025-02-06T04:00:00.000Z,127.0,126.0,122.0
NewDelhi-8118,2025-02-06T04:30:00.000Z,128.0,127.0,126.0
NewDelhi-8118,2025-02-06T09:30:00.000Z,36.0,33.5,31.0
NewDelhi-8118,2025-02-06T11:30:00.000Z,39.0,36.5,34.0
NewDelhi-8118,2025-02-06T12:00:00.000Z,41.5,39.0,36.5
NewDelhi-8118,2025-02-06T12:30:00.000Z,44.0,41.5,39.0
NewDelhi-8118,2025-02-06T13:00:00.000Z,52.5,44.0,41.5
NewDelhi-8118,2025-02-06T13:30:00.000Z,61.0,52.5,44.0
NewDelhi-8118,2025-02-06T14:00:00.000Z,72.5,61.0,52.5
NewDelhi-8118,2025-02-06T14:30:00.000Z,84.0,72.5,61.0
NewDelhi-8118,2025-02-06T15:00:00.000Z,87.0,84.0,72.5
NewDelhi-8118,2025-02-06T15:30:00.000Z,90.0,87.0,84.0
NewDelhi-8118,2025-02-06T16:00:00.000Z,91.5,90.0,87.0
NewDelhi-8118,2025-02-06T16:30:00.000Z,93.0,91.5,90.0
NewDelhi-8118,2025-02-06T18:30:00.000Z,80.0,78.5,77.0
NewDelhi-8118,2025-02-06T19:00:00.000Z,87.5,80.0,78.5
NewDelhi-8118,2025-02-06T19:30:00.000Z,95.0,87.5,80.0
NewDelhi-8118,2025-02-06T21:30:00.000Z,99.0,93.0,87.0
NewDelhi-8118,2025-02-06T22:00:00.000Z,101.0,99.0,93.0
NewDelhi-8118,2025-02-06T22:30:00.000Z,103.0,101.0,99.0
NewDelhi-8118,2025-02-07T03:30:00.000Z,87.0,85.0,83.0
NewDelhi-8118,2025-02-07T09:30:00.000Z,42.0,34.5,27.0
NewDelhi-8118,2025-02-07T13:30:00.000Z,44.0,37.5,31.0
NewDelhi-8118,2025-02-07T14:00:00.000Z,57.5,44.0,37.5
NewDelhi-8118,2025-02-07T14:30:00.000Z,71.0,57.5,44.0
NewDelhi-8118,2025-02-07T15:00:00.000Z,73.0,71.0,57.5
NewDelhi-8118,2025-02-07T15:30:00.000Z,75.0,73.0,71.0
NewDelhi-8118,2025-02-07T18:30:00.000Z,82.0,73.5,65.0
NewDelhi-8118,2025-02-07T19:00:00.000Z,93.0,82.0,73.5
NewDelhi-8118,2025-02-07T19:30:00.000Z,104.0,93.0,82.0
NewDelhi-8118,2025-02-07T22:30:00.000Z,78.0,73.5,69.0
NewDelhi-8118,2025-02-08T00:30:00.000Z,83.0,80.0,77.0
NewDelhi-8118,2025-02-08T01:00:00.000Z,86.0,83.0,80.0
NewDelhi-8118,2025-02-08T01:30:00.000Z,89.0,86.0,83.0
NewDelhi-8118,2025-02-08T03:30:00.000Z,83.0,80.5,78.0
NewDelhi-8118,2025-02-08T10:30:00.000Z,37.0,35.5,34.0
NewDelhi-8118,2025-02-08T11:00:00.000Z,37.5,37.0,35.5
NewDelhi-8118,2025-02-08T11:30:00.000Z,38.0,37.5,37.0
NewDelhi-8118,2025-02-08T13:30:00.000Z,83.0,60.5,38.0
NewDelhi-8118,2025-02-08T14:00:00.000Z,95.0,83.0,60.5
NewDelhi-8118,2025-02-08T14:30:00.000Z,107.0,95.0,83.0
NewDelhi-8118,2025-02-08T16:30:00.000Z,98.0,95.5,93.0
NewDelhi-8118,2025-02-08T17:00:00.000Z,99.0,98.0,95.5
NewDelhi-8118,2025-02-08T17:30:00.000Z,100.0,99.0,98.0
NewDelhi-8118,2025-02-08T18:00:00.000Z,107.0,100.0,99.0
NewDelhi-8118,2025-02-08T18:30:00.000Z,114.0,107.0,100.0
NewDelhi-8118,2025-02-08T19:00:00.000Z,118.0,114.0,107.0
NewDelhi-8118,2025-02-08T19:30:00.000Z,122.0,118.0,114.0
NewDelhi-8118,2025-02-08T20:00:00.000Z,126.5,122.0,118.0
NewDelhi-8118,2025-02-08T20:30:00.000Z,131.0,126.5,122.0
NewDelhi-8118,2025-02-08T21:00:00.000Z,148.5,131.0,126.5
NewDelhi-8118,2025-02-08T21:30:00.000Z,166.0,148.5,131.0
NewDelhi-8118,2025-02-09T03:30:00.000Z,102.0,100.5,99.0
NewDelhi-8118,2025-02-09T05:30:00.000Z,93.0,92.5,92.0
NewDelhi-8118,2025-02-09T11:30:00.000Z,56.0,49.0,42.0
NewDelhi-8118,2025-02-09T12:00:00.000Z,57.0,56.0,49.0
NewDelhi-8118,2025-02-09T12:30:00.000Z,58.0,57.0,56.0
NewDelhi-8118,2025-02-09T13:00:00.000Z,80.5,58.0,57.0
NewDelhi-8118,2025-02-09T13:30:00.000Z,103.0,80.5,58.0
NewDelhi-8118,2025-02-09T14:00:00.000Z,106.0,103.0,80.5
NewDelhi-8118,2025-02-09T14:30:00.000Z,109.0,106.0,103.0
NewDelhi-8118,2025-02-09T15:00:00.000Z,126.5,109.0,106.0
NewDelhi-8118,2025-02-09T15:30:00.000Z,144.0,126.5,109.0
NewDelhi-8118,2025-02-09T16:00:00.000Z,154.5,144.0,126.5
NewDelhi-8118,2025-02-09T16:30:00.000Z,165.0,154.5,144.0
NewDelhi-8118,2025-02-09T17:00:00.000Z,169.5,165.0,154.5
NewDelhi-8118,2025-02-09T17:30:00.000Z,174.0,169.5,165.0
NewDelhi-8118,2025-02-09T18:00:00.000Z,175.5,174.0,169.5
NewDelhi-8118,2025-02-09T18:30:00.000Z,177.0,175.5,174.0
NewDelhi-8118,2025-02-09T19:00:00.000Z,186.0,177.0,175.5
NewDelhi-8118,2025-02-09T19:30:00.000Z,195.0,186.0,177.0
NewDelhi-8118,2025-02-09T21:30:00.000Z,196.0,195.0,194.0
NewDelhi-8118,2025-02-10T00:30:00.000Z,165.0,164.5,164.0
NewDelhi-8118,2025-02-10T01:00:00.000Z,169.5,165.0,164.5
NewDelhi-8118,2025-02-10T01:30:00.000Z,174.0,169.5,165.0
NewDelhi-8118,2025-02-10T02:00:00.000Z,176.0,174.0,169.5
NewDelhi-8118,2025-02-10T02:30:00.000Z,178.0,176.0,174.0
NewDelhi-8118,2025-02-10T03:00:00.000Z,190.0,178.0,176.0
NewDelhi-8118,2025-02-10T03:30:00.000Z,202.0,190.0,178.0
NewDelhi-8118,2025-02-10T09:30:00.000Z,55.0,51.5,48.0
NewDelhi-8118,2025-02-10T10:00:00.000Z,57.0,55.0,51.5
NewDelhi-8118,2025-02-10T10:30:00.000Z,59.0,57.0,55.0
NewDelhi-8118,2025-02-10T11:00:00.000Z,60.0,59.0,57.0
NewDelhi-8118,2025-02-10T11:30:00.000Z,61.0,60.0,59.0
NewDelhi-8118,2025-02-10T12:00:00.000Z,62.5,61.0,60.0
NewDelhi-8118,2025-02-10T12:30:00.000Z,64.0,62.5,61.0
NewDelhi-8118,2025-02-10T13:00:00.000Z,68.0,64.0,62.5
NewDelhi-8118,2025-02-10T13:30:00.000Z,72.0,68.0,64.0
NewDelhi-8118,2025-02-10T14:00:00.000Z,79.0,72.0,68.0
NewDelhi-8118,2025-02-10T14:30:00.000Z,86.0,79.0,72.0
NewDelhi-8118,2025-02-10T15:00:00.000Z,98.5,86.0,79.0
NewDelhi-8118,2025-02-10T15:30:00.000Z,111.0,98.5,86.0
NewDelhi-8118,2025-02-10T16:00:00.000Z,120.0,111.0,98.5
NewDelhi-8118,2025-02-10T16:30:00.000Z,129.0,120.0,111.0
NewDelhi-8118,2025-02-10T17:00:00.000Z,146.0,129.0,120.0
NewDelhi-8118,2025-02-10T17:30:00.000Z,163.0,146.0,129.0
NewDelhi-8118,2025-02-10T18:00:00.000Z,164.0,163.0,146.0
NewDelhi-8118,2025-02-10T18:30:00.000Z,165.0,164.0,163.0
NewDelhi-8118,2025-02-10T19:00:00.000Z,173.5,165.0,164.0
NewDelhi-8118,2025-02-10T19:30:00.000Z,182.0,173.5,165.0
NewDelhi-8118,2025-02-10T21:30:00.000Z,214.0,190.0,166.0
NewDelhi-8118,2025-02-11T03:30:00.000Z,192.0,185.0,158.0
NewDelhi-8118,2025-02-11T13:30:00.000Z,68.0,67.0,57.0
NewDelhi-8118,2025-02-11T14:30:00.000Z,89.0,68.0,67.0
NewDelhi-8118,2025-02-11T15:30:00.000Z,98.0,89.0,68.0
NewDelhi-8118,2025-02-11T16:30:00.000Z,104.0,98.0,89.0
NewDelhi-8118,2025-02-11T17:30:00.000Z,113.0,104.0,98.0
NewDelhi-8118,2025-02-11T20:30:00.000Z,130.0,112.0,109.0
NewDelhi-8118,2025-02-11T21:30:00.000Z,168.0,130.0,112.0
NewDelhi-8118,2025-02-11T22:30:00.000Z,186.0,168.0,130.0
NewDelhi-8118,2025-02-12T14:30:00.000Z,59.0,36.0,27.0
NewDelhi-8118,2025-02-12T15:30:00.000Z,69.0,59.0,36.0
NewDelhi-8118,2025-02-12T16:30:00.000Z,76.0,69.0,59.0
NewDelhi-8118,2025-02-12T22:30:00.000Z,80.0,69.0,66.0
NewDelhi-8118,2025-02-13T02:30:00.000Z,79.0,77.0,68.0
NewDelhi-8118,2025-02-13T14:30:00.000Z,47.0,35.0,24.0
NewDelhi-8118,2025-02-13T15:30:00.000Z,59.0,47.0,35.0
NewDelhi-8118,2025-02-13T16:30:00.000Z,64.0,59.0,47.0
NewDelhi-8118,2025-02-13T19:30:00.000Z,63.0,62.0,55.0
NewDelhi-8118,2025-02-14T02:30:00.000Z,80.0,68.0,58.0
NewDelhi-8118,2025-02-14T13:30:00.000Z,48.0,46.0,35.0
NewDelhi-8118,2025-02-14T14:30:00.000Z,64.0,48.0,46.0
NewDelhi-8118,2025-02-14T15:30:00.000Z,74.0,64.0,48.0
NewDelhi-8118,2025-02-14T16:30:00.000Z,91.0,74.0,64.0
NewDelhi-8118,2025-02-14T17:30:00.000Z,110.0,91.0,74.0
NewDelhi-8118,2025-02-15T02:30:00.000Z,98.0,93.0,85.0
NewDelhi-8118,2025-02-15T03:30:00.000Z,102.0,98.0,93.0
NewDelhi-8118,2025-02-15T09:30:00.000Z,64.0,62.0,61.0
NewDelhi-8118,2025-02-15T10:30:00.000Z,74.0,64.0,62.0
NewDelhi-8118,2025-02-15T14:30:00.000Z,63.0,62.0,56.0
NewDelhi-8118,2025-02-15T15:30:00.000Z,92.0,63.0,62.0
NewDelhi-8118,2025-02-15T16:30:00.000Z,93.0,92.0,63.0
NewDelhi-8118,2025-02-15T17:30:00.000Z,108.0,93.0,92.0
NewDelhi-8118,2025-02-15T18:30:00.000Z,126.0,108.0,93.0
NewDelhi-8118,2025-02-15T19:30:00.000Z,140.0,126.0,108.0
NewDelhi-8118,2025-02-15T20:30:00.000Z,175.0,140.0,126.0
NewDelhi-8118,2025-02-15T21:30:00.000Z,231.0,175.0,140.0
NewDelhi-8118,2025-02-15T22:30:00.000Z,252.0,231.0,175.0
NewDelhi-8118,2025-02-15T23:30:00.000Z,253.0,252.0,231.0
NewDelhi-8118,2025-02-16T02:30:00.000Z,255.0,254.0,251.0
NewDelhi-8118,2025-02-16T03:30:00.000Z,265.0,255.0,254.0
NewDelhi-8118,2025-02-16T13:30:00.000Z,61.0,47.0,42.0
NewDelhi-8118,2025-02-16T14:30:00.000Z,76.0,61.0,47.0
NewDelhi-8118,2025-02-16T15:30:00.000Z,88.0,76.0,61.0
NewDelhi-8118,2025-02-16T16:30:00.000Z,110.0,88.0,76.0
NewDelhi-8118,2025-02-16T17:30:00.000Z,120.0,110.0,88.0
NewDelhi-8118,2025-02-17T02:30:00.000Z,120.0,100.0,99.0
NewDelhi-8118,2025-02-17T03:30:00.000Z,139.0,120.0,100.0
NewDelhi-8118,2025-02-17T12:30:00.000Z,65.0,63.0,60.0
NewDelhi-8118,2025-02-17T13:30:00.000Z,66.0,65.0,63.0
NewDelhi-8118,2025-02-17T14:30:00.000Z,74.0,66.0,65.0
NewDelhi-8118,2025-02-17T15:30:00.000Z,104.0,74.0,66.0
NewDelhi-8118,2025-02-17T16:30:00.000Z,111.0,104.0,74.0
NewDelhi-8118,2025-02-17T19:30:00.000Z,129.0,116.0,107.0
NewDelhi-8118,2025-02-18T01:30:00.000Z,97.0,88.0,83.0
NewDelhi-8118,2025-02-18T02:30:00.000Z,107.0,97.0,88.0
NewDelhi-8118,2025-02-18T03:30:00.000Z,136.0,107.0,97.0
NewDelhi-8118,2025-02-18T04:30:00.000Z,162.0,136.0,107.0
NewDelhi-8118,2025-02-18T13:30:00.000Z,37.0,32.0,23.0
NewDelhi-8118,2025-02-18T14:30:00.000Z,44.0,37.0,32.0
NewDelhi-8118,2025-02-18T15:30:00.000Z,63.0,44.0,37.0
NewDelhi-8118,2025-02-18T16:30:00.000Z,96.0,63.0,44.0
NewDelhi-8118,2025-02-18T17:30:00.000Z,106.0,96.0,63.0
NewDelhi-8118,2025-02-18T18:30:00.000Z,112.0,106.0,96.0
NewDelhi-8118,2025-02-18T23:30:00.000Z,115.0,100.0,96.0
NewDelhi-8118,2025-02-19T12:30:00.000Z,40.0,34.0,31.0
NewDelhi-8118,2025-02-19T13:30:00.000Z,60.0,40.0,34.0
NewDelhi-8118,2025-02-19T14:30:00.000Z,64.0,60.0,40.0
NewDelhi-8118,2025-02-19T15:30:00.000Z,73.0,64.0,60.0
NewDelhi-8118,2025-02-19T16:30:00.000Z,86.0,73.0,64.0
NewDelhi-8118,2025-02-20T01:30:00.000Z,44.0,40.0,37.0
NewDelhi-8118,2025-02-20T02:30:00.000Z,49.0,44.0,40.0
NewDelhi-8118,2025-02-20T03:30:00.000Z,69.0,49.0,44.0
NewDelhi-8118,2025-02-20T04:30:00.000Z,104.0,69.0,49.0
NewDelhi-8118,2025-02-20T15:30:00.000Z,67.0,56.0,36.0
NewDelhi-8118,2025-02-21T02:30:00.000Z,101.0,74.0,61.0
NewDelhi-8118,2025-02-21T03:30:00.000Z,110.0,101.0,74.0
NewDelhi-8118,2025-02-21T13:30:00.000Z,90.0,89.0,79.0
NewDelhi-8118,2025-02-21T14:30:00.000Z,96.0,90.0,89.0
NewDelhi-8118,2025-02-21T15:30:00.000Z,103.0,96.0,90.0
NewDelhi-8118,2025-02-21T23:30:00.000Z,77.0,75.0,72.0
NewDelhi-8118,2025-02-22T04:30:00.000Z,84.0,74.0,66.0
NewDelhi-8118,2025-02-22T12:30:00.000Z,37.0,31.0,28.0
NewDelhi-8118,2025-02-22T13:30:00.000Z,44.0,37.0,31.0
NewDelhi-8118,2025-02-22T14:30:00.000Z,56.0,44.0,37.0
NewDelhi-8118,2025-02-22T15:30:00.000Z,79.0,56.0,44.0
NewDelhi-8118,2025-02-22T22:30:00.000Z,80.0,73.0,65.0
NewDelhi-8118,2025-02-22T23:30:00.000Z,106.0,80.0,73.0
NewDelhi-8118,2025-02-23T14:30:00.000Z,51.0,38.0,37.0
NewDelhi-8118,2025-02-23T16:30:00.000Z,81.0,51.0,38.0
NewDelhi-8118,2025-02-23T17:30:00.000Z,85.0,81.0,51.0
NewDelhi-8118,2025-02-23T18:30:00.000Z,97.0,85.0,81.0
NewDelhi-8118,2025-02-23T19:30:00.000Z,105.0,97.0,85.0
NewDelhi-8118,2025-02-24T01:30:00.000Z,135.0,100.0,90.0
NewDelhi-8118,2025-02-24T02:30:00.000Z,137.0,135.0,100.0
NewDelhi-8118,2025-02-24T13:30:00.000Z,48.0,44.0,39.0
NewDelhi-8118,2025-02-24T14:30:00.000Z,62.0,48.0,44.0
NewDelhi-8118,2025-02-24T15:30:00.000Z,72.0,62.0,48.0
NewDelhi-8118,2025-02-24T16:30:00.000Z,74.0,72.0,62.0
NewDelhi-8118,2025-02-24T17:30:00.000Z,82.0,74.0,72.0
NewDelhi-8118,2025-02-24T18:30:00.000Z,99.0,82.0,74.0
NewDelhi-8118,2025-02-24T19:30:00.000Z,119.0,99.0,82.0
NewDelhi-8118,2025-02-25T00:30:00.000Z,129.0,116.0,114.0
NewDelhi-8118,2025-02-25T13:30:00.000Z,51.0,47.0,45.0
NewDelhi-8118,2025-02-25T14:30:00.000Z,54.0,51.0,47.0
NewDelhi-8118,2025-02-25T15:30:00.000Z,68.0,54.0,51.0
NewDelhi-8118,2025-02-25T16:30:00.000Z,73.0,68.0,54.0
NewDelhi-8118,2025-02-25T17:30:00.000Z,82.0,73.0,68.0
NewDelhi-8118,2025-02-25T18:30:00.000Z,96.0,82.0,73.0
NewDelhi-8118,2025-02-25T21:30:00.000Z,105.0,97.0,88.0
NewDelhi-8118,2025-02-26T02:30:00.000Z,103.0,99.0,96.0
NewDelhi-8118,2025-02-26T03:30:00.000Z,192.0,103.0,99.0
NewDelhi-8118,2025-02-26T04:30:00.000Z,222.0,192.0,103.0
NewDelhi-8118,2025-02-26T13:30:00.000Z,78.0,64.0,55.0
NewDelhi-8118,2025-02-26T14:30:00.000Z,105.0,78.0,64.0
NewDelhi-8118,2025-02-26T15:30:00.000Z,115.0,105.0,78.0
NewDelhi-8118,2025-02-26T16:30:00.000Z,120.0,115.0,105.0
NewDelhi-8118,2025-02-26T17:30:00.000Z,126.0,120.0,115.0
NewDelhi-8118,2025-02-27T02:30:00.000Z,157.0,134.0,65.0
NewDelhi-8118,2025-02-27T13:30:00.000Z,28.0,26.0,25.0
NewDelhi-8118,2025-02-27T14:30:00.000Z,38.0,28.0,26.0
NewDelhi-8118,2025-02-27T17:30:00.000Z,55.0,51.0,31.0
NewDelhi-8118,2025-02-28T03:30:00.000Z,77.0,43.0,39.0
NewDelhi-8118,2025-02-28T10:30:00.000Z,55.0,49.0,46.0
NewDelhi-8118,2025-02-28T15:30:00.000Z,56.0,52.0,43.0
NewDelhi-8118,2025-02-28T16:30:00.000Z,59.0,56.0,52.0
NewDelhi-8118,2025-03-01T02:30:00.000Z,51.0,46.0,43.0
NewDelhi-8118,2025-03-01T03:30:00.000Z,69.0,51.0,46.0
NewDelhi-8118,2025-03-01T07:30:00.000Z,70.0,69.0,56.0
NewDelhi-8118,2025-03-01T16:30:00.000Z,62.0,54.0,44.0
NewDelhi-8118,2025-03-01T17:30:00.000Z,74.0,62.0,54.0
NewDelhi-8118,2025-03-01T18:30:00.000Z,75.0,74.0,62.0
NewDelhi-8118,2025-03-01T19:30:00.000Z,77.0,75.0,74.0
NewDelhi-8118,2025-03-02T04:30:00.000Z,61.0,57.0,45.0
NewDelhi-8118,2025-03-02T11:30:00.000Z,20.0,18.0,12.0
NewDelhi-8118,2025-03-02T14:30:00.000Z,31.0,27.0,19.0
NewDelhi-8118,2025-03-02T15:30:00.000Z,39.0,31.0,27.0
NewDelhi-8118,2025-03-02T16:30:00.000Z,49.0,39.0,31.0
NewDelhi-8118,2025-03-02T17:30:00.000Z,61.0,49.0,39.0
NewDelhi-8118,2025-03-02T18:30:00.000Z,64.0,61.0,49.0
NewDelhi-8118,2025-03-02T19:30:00.000Z,84.0,64.0,61.0
NewDelhi-8118,2025-03-03T02:30:00.000Z,65.0,55.0,49.0
NewDelhi-8118,2025-03-03T03:30:00.000Z,109.0,65.0,55.0
NewDelhi-8118,2025-03-03T14:30:00.000Z,50.0,48.0,33.0
NewDelhi-8118,2025-03-03T15:30:00.000Z,58.0,50.0,48.0
NewDelhi-8118,2025-03-03T16:30:00.000Z,63.0,58.0,50.0
NewDelhi-8118,2025-03-03T17:30:00.000Z,66.0,63.0,58.0
NewDelhi-8118,2025-03-03T18:30:00.000Z,70.0,66.0,63.0
NewDelhi-8118,2025-03-03T19:30:00.000Z,76.0,70.0,66.0
NewDelhi-8118,2025-03-03T20:30:00.000Z,82.0,76.0,70.0
NewDelhi-8118,2025-03-04T00:30:00.000Z,59.0,50.0,47.0
NewDelhi-8118,2025-03-04T01:30:00.000Z,64.0,59.0,50.0
NewDelhi-8118,2025-03-04T02:30:00.000Z,68.0,64.0,59.0
NewDelhi-8118,2025-03-05T02:30:00.000Z,48.0,34.0,28.0
NewDelhi-8118,2025-03-05T14:30:00.000Z,34.0,23.0,14.0
NewDelhi-8118,2025-03-05T19:30:00.000Z,50.0,41.0,33.0
NewDelhi-8118,2025-03-05T22:30:00.000Z,59.0,52.0,47.0
NewDelhi-8118,2025-03-05T23:30:00.000Z,63.0,59.0,52.0
NewDelhi-8118,2025-03-06T03:30:00.000Z,68.0,52.0,51.0
NewDelhi-8118,2025-03-06T14:30:00.000Z,43.0,19.0,10.0
NewDelhi-8118,2025-03-06T15:30:00.000Z,57.0,43.0,19.0
NewDelhi-8118,2025-03-06T16:30:00.000Z,61.0,57.0,43.0
NewDelhi-8118,2025-03-06T17:30:00.000Z,76.0,61.0,57.0
NewDelhi-8118,2025-03-06T18:30:00.000Z,100.0,76.0,61.0
NewDelhi-8118,2025-03-06T19:30:00.000Z,123.0,100.0,76.0
NewDelhi-8118,2025-03-06T20:30:00.000Z,129.0,123.0,100.0
NewDelhi-8118,2025-03-07T00:30:00.000Z,124.0,100.0,99.0
NewDelhi-8118,2025-03-07T01:30:00.000Z,136.0,124.0,100.0
NewDelhi-8118,2025-03-07T02:30:00.000Z,248.0,136.0,124.0
NewDelhi-8118,2025-03-07T14:30:00.000Z,49.0,31.0,25.0
NewDelhi-8118,2025-03-07T15:30:00.000Z,85.0,49.0,31.0
NewDelhi-8118,2025-03-07T16:30:00.000Z,120.0,85.0,49.0
NewDelhi-8118,2025-03-08T01:30:00.000Z,92.0,89.0,88.0
NewDelhi-8118,2025-03-08T02:30:00.000Z,99.0,92.0,89.0
NewDelhi-8118,2025-03-08T03:30:00.000Z,100.0,99.0,92.0
NewDelhi-8118,2025-03-08T11:30:00.000Z,27.0,26.0,23.0
NewDelhi-8118,2025-03-08T12:30:00.000Z,41.0,27.0,26.0
NewDelhi-8118,2025-03-08T15:30:00.000Z,77.0,49.0,36.0
NewDelhi-8118,2025-03-08T19:30:00.000Z,90.0,76.0,63.0
NewDelhi-8118,2025-03-08T20:30:00.000Z,93.0,90.0,76.0
NewDelhi-8118,2025-03-09T00:30:00.000Z,100.0,88.0,86.0
NewDelhi-8118,2025-03-09T01:30:00.000Z,118.0,100.0,88.0
NewDelhi-8118,2025-03-09T12:30:00.000Z,48.0,41.0,40.0
NewDelhi-8118,2025-03-09T13:30:00.000Z,56.0,48.0,41.0
NewDelhi-8118,2025-03-09T14:30:00.000Z,62.0,56.0,48.0
NewDelhi-8118,2025-03-09T15:30:00.000Z,75.0,62.0,56.0
NewDelhi-8118,2025-03-09T16:30:00.000Z,79.0,75.0,62.0
NewDelhi-8118,2025-03-09T17:30:00.000Z,88.0,79.0,75.0
NewDelhi-8118,2025-03-09T18:30:00.000Z,100.0,88.0,79.0
NewDelhi-8118,2025-03-09T21:30:00.000Z,94.0,92.0,88.0
NewDelhi-8118,2025-03-10T02:30:00.000Z,135.0,105.0,104.0
NewDelhi-8118,2025-03-10T03:30:00.000Z,151.0,135.0,105.0
NewDelhi-8118,2025-03-10T12:30:00.000Z,56.0,52.0,51.0
NewDelhi-8118,2025-03-10T13:30:00.000Z,58.0,56.0,52.0
NewDelhi-8118,2025-03-10T14:30:00.000Z,64.0,58.0,56.0
NewDelhi-8118,2025-03-10T15:30:00.000Z,87.0,64.0,58.0
NewDelhi-8118,2025-03-10T18:30:00.000Z,112.0,105.0,85.0
NewDelhi-8118,2025-03-10T19:30:00.000Z,123.0,112.0,105.0
NewDelhi-8118,2025-03-11T01:30:00.000Z,128.0,121.0,114.0
NewDelhi-8118,2025-03-11T02:30:00.000Z,147.0,128.0,121.0
NewDelhi-8118,2025-03-11T03:30:00.000Z,166.0,147.0,128.0
NewDelhi-8118,2025-03-11T15:30:00.000Z,85.0,69.0,64.0
NewDelhi-8118,2025-03-11T16:30:00.000Z,93.0,85.0,69.0
NewDelhi-8118,2025-03-11T17:30:00.000Z,119.0,93.0,85.0
NewDelhi-8118,2025-03-11T20:30:00.000Z,142.0,119.0,117.0
NewDelhi-8118,2025-03-11T21:30:00.000Z,173.0,142.0,119.0
NewDelhi-8118,2025-03-12T12:30:00.000Z,37.0,34.0,29.0
NewDelhi-8118,2025-03-12T13:30:00.000Z,42.0,37.0,34.0
NewDelhi-8118,2025-03-12T14:30:00.000Z,50.0,42.0,37.0
NewDelhi-8118,2025-03-12T15:30:00.000Z,66.0,50.0,42.0
NewDelhi-8118,2025-03-12T16:30:00.000Z,70.0,66.0,50.0
NewDelhi-8118,2025-03-12T17:30:00.000Z,81.0,70.0,66.0
NewDelhi-8118,2025-03-13T00:30:00.000Z,89.0,71.0,60.0
NewDelhi-8118,2025-03-13T01:30:00.000Z,111.0,89.0,71.0
NewDelhi-8118,2025-03-13T02:30:00.000Z,164.0,111.0,89.0
NewDelhi-8118,2025-03-13T13:30:00.000Z,75.0,49.0,45.0
NewDelhi-8118,2025-03-13T14:30:00.000Z,89.0,75.0,49.0
NewDelhi-8118,2025-03-13T19:30:00.000Z,102.0,61.0,57.0
NewDelhi-8118,2025-03-13T20:30:00.000Z,111.0,102.0,61.0
NewDelhi-8118,2025-03-13T21:30:00.000Z,116.0,111.0,102.0
NewDelhi-8118,2025-03-14T00:30:00.000Z,135.0,106.0,96.0
NewDelhi-8118,2025-03-14T12:30:00.000Z,58.0,31.0,25.0
NewDelhi-8118,2025-03-14T15:30:00.000Z,46.0,43.0,42.0
NewDelhi-8118,2025-03-15T04:30:00.000Z,23.0,19.0,18.0
NewDelhi-8118,2025-03-15T07:30:00.000Z,27.0,24.0,22.0
NewDelhi-8118,2025-03-15T10:30:00.000Z,29.0,28.0,24.0
NewDelhi-8118,2025-03-15T13:30:00.000Z,47.0,28.0,27.0
NewDelhi-8118,2025-03-15T14:30:00.000Z,51.0,47.0,28.0
NewDelhi-8118,2025-03-15T17:30:00.000Z,29.0,28.0,27.0
NewDelhi-8118,2025-03-16T00:30:00.000Z,67.0,56.0,51.0
NewDelhi-8118,2025-03-16T01:30:00.000Z,69.0,67.0,56.0
NewDelhi-8118,2025-03-16T02:30:00.000Z,86.0,69.0,67.0
NewDelhi-8118,2025-03-16T03:30:00.000Z,91.0,86.0,69.0
NewDelhi-8118,2025-03-16T14:30:00.000Z,24.0,18.0,17.0
NewDelhi-8118,2025-03-16T15:30:00.000Z,33.0,24.0,18.0
NewDelhi-8118,2025-03-16T16:30:00.000Z,44.0,33.0,24.0
NewDelhi-8118,2025-03-16T22:30:00.000Z,57.0,48.0,39.0
NewDelhi-8118,2025-03-17T01:30:00.000Z,97.0,93.0,54.0
NewDelhi-8118,2025-03-17T02:30:00.000Z,116.0,97.0,93.0
NewDelhi-8118,2025-03-17T15:30:00.000Z,40.0,36.0,32.0
NewDelhi-8118,2025-03-17T16:30:00.000Z,45.0,40.0,36.0
NewDelhi-8118,2025-03-17T17:30:00.000Z,56.0,45.0,40.0
NewDelhi-8118,2025-03-17T18:30:00.000Z,63.0,56.0,45.0
NewDelhi-8118,2025-03-17T22:30:00.000Z,91.0,73.0,55.0
NewDelhi-8118,2025-03-17T23:30:00.000Z,94.0,91.0,73.0
NewDelhi-8118,2025-03-18T00:30:00.000Z,116.0,94.0,91.0
NewDelhi-8118,2025-03-18T11:30:00.000Z,23.0,22.0,18.0
NewDelhi-8118,2025-03-18T14:30:00.000Z,26.0,23.0,20.0
NewDelhi-8118,2025-03-18T15:30:00.000Z,53.0,26.0,23.0
NewDelhi-8118,2025-03-18T16:30:00.000Z,62.0,53.0,26.0
NewDelhi-8118,2025-03-18T17:30:00.000Z,82.0,62.0,53.0
NewDelhi-8118,2025-03-18T20:30:00.000Z,101.0,83.0,72.0
NewDelhi-8118,2025-03-18T21:30:00.000Z,102.0,101.0,83.0
NewDelhi-8118,2025-03-18T22:30:00.000Z,148.0,102.0,101.0
NewDelhi-8118,2025-03-18T23:30:00.000Z,165.0,148.0,102.0
NewDelhi-8118,2025-03-19T13:30:00.000Z,29.0,28.0,18.0
NewDelhi-8118,2025-03-19T14:30:00.000Z,50.0,29.0,28.0
NewDelhi-8118,2025-03-19T18:30:00.000Z,58.0,50.0,48.0
NewDelhi-8118,2025-03-19T23:30:00.000Z,63.0,58.0,52.0
NewDelhi-8118,2025-03-20T00:30:00.000Z,76.0,63.0,58.0
NewDelhi-8118,2025-03-20T03:30:00.000Z,122.0,88.0,76.0
NewDelhi-8118,2025-03-20T14:30:00.000Z,28.0,20.0,13.0
NewDelhi-8118,2025-03-20T15:30:00.000Z,45.0,28.0,20.0
NewDelhi-8118,2025-03-20T16:30:00.000Z,60.0,45.0,28.0
NewDelhi-8118,2025-03-20T17:30:00.000Z,63.0,60.0,45.0
NewDelhi-8118,2025-03-20T18:30:00.000Z,70.0,63.0,60.0
NewDelhi-8118,2025-03-20T21:30:00.000Z,73.0,68.0,53.0
NewDelhi-8118,2025-03-20T22:30:00.000Z,77.0,73.0,68.0
NewDelhi-8118,2025-03-20T23:30:00.000Z,142.0,77.0,73.0
NewDelhi-8118,2025-03-21T00:30:00.000Z,180.0,142.0,77.0
NewDelhi-8118,2025-03-21T11:30:00.000Z,18.0,17.0,15.0
NewDelhi-8118,2025-03-21T12:30:00.000Z,20.0,18.0,17.0
NewDelhi-8118,2025-03-21T13:30:00.000Z,24.0,20.0,18.0
NewDelhi-8118,2025-03-21T14:30:00.000Z,32.0,24.0,20.0
NewDelhi-8118,2025-03-21T15:30:00.000Z,51.0,32.0,24.0
NewDelhi-8118,2025-03-21T22:30:00.000Z,108.0,61.0,60.0
NewDelhi-8118,2025-03-21T23:30:00.000Z,124.0,108.0,61.0
NewDelhi-8118,2025-03-22T03:30:00.000Z,80.0,76.0,74.0
NewDelhi-8118,2025-03-22T13:30:00.000Z,33.0,28.0,23.0
NewDelhi-8118,2025-03-22T14:30:00.000Z,42.0,33.0,28.0
NewDelhi-8118,2025-03-22T15:30:00.000Z,60.0,42.0,33.0
NewDelhi-8118,2025-03-22T16:30:00.000Z,75.0,60.0,42.0
NewDelhi-8118,2025-03-22T17:30:00.000Z,82.0,75.0,60.0
NewDelhi-8118,2025-03-22T20:30:00.000Z,84.0,77.0,73.0
NewDelhi-8118,2025-03-23T00:30:00.000Z,81.0,80.0,73.0
NewDelhi-8118,2025-03-23T01:30:00.000Z,95.0,81.0,80.0
NewDelhi-8118,2025-03-23T09:30:00.000Z,43.0,37.0,32.0
NewDelhi-8118,2025-03-23T14:30:00.000Z,49.0,34.0,33.0
NewDelhi-8118,2025-03-23T15:30:00.000Z,62.0,49.0,34.0
NewDelhi-8118,2025-03-23T16:30:00.000Z,73.0,62.0,49.0
NewDelhi-8118,2025-03-23T17:30:00.000Z,77.0,73.0,62.0
NewDelhi-8118,2025-03-23T18:30:00.000Z,78.0,77.0,73.0
NewDelhi-8118,2025-03-23T19:30:00.000Z,85.0,78.0,77.0
NewDelhi-8118,2025-03-23T20:30:00.000Z,90.0,85.0,78.0
NewDelhi-8118,2025-03-23T21:30:00.000Z,94.0,90.0,85.0
NewDelhi-8118,2025-03-23T22:30:00.000Z,108.0,94.0,90.0
NewDelhi-8118,2025-03-24T02:30:00.000Z,113.0,104.0,93.0
NewDelhi-8118,2025-03-24T03:30:00.000Z,147.0,113.0,104.0
NewDelhi-8118,2025-03-24T12:30:00.000Z,36.0,21.0,18.0
NewDelhi-8118,2025-03-24T13:30:00.000Z,39.0,36.0,21.0
NewDelhi-8118,2025-03-24T14:30:00.000Z,60.0,39.0,36.0
NewDelhi-8118,2025-03-24T15:30:00.000Z,72.0,60.0,39.0
NewDelhi-8118,2025-03-24T16:30:00.000Z,76.0,72.0,60.0
NewDelhi-8118,2025-03-24T17:30:00.000Z,77.0,76.0,72.0
NewDelhi-8118,2025-03-24T18:30:00.000Z,104.0,77.0,76.0
NewDelhi-8118,2025-03-24T19:30:00.000Z,123.0,104.0,77.0
NewDelhi-8118,2025-03-24T20:30:00.000Z,125.0,123.0,104.0
NewDelhi-8118,2025-03-24T23:30:00.000Z,127.0,125.0,120.0
NewDelhi-8118,2025-03-25T00:30:00.000Z,132.0,127.0,125.0
NewDelhi-8118,2025-03-25T01:30:00.000Z,138.0,132.0,127.0
NewDelhi-8118,2025-03-25T02:30:00.000Z,149.0,138.0,132.0
NewDelhi-8118,2025-03-25T03:30:00.000Z,164.0,149.0,138.0
NewDelhi-8118,2025-03-25T12:30:00.000Z,35.0,30.0,29.0
NewDelhi-8118,2025-03-25T13:30:00.000Z,43.0,35.0,30.0
NewDelhi-8118,2025-03-25T14:30:00.000Z,52.0,43.0,35.0
NewDelhi-8118,2025-03-25T15:30:00.000Z,62.0,52.0,43.0
NewDelhi-8118,2025-03-25T16:30:00.000Z,82.0,62.0,52.0
NewDelhi-8118,2025-03-25T17:30:00.000Z,98.0,82.0,62.0
NewDelhi-8118,2025-03-25T18:30:00.000Z,111.0,98.0,82.0
NewDelhi-8118,2025-03-25T19:30:00.000Z,120.0,111.0,98.0
NewDelhi-8118,2025-03-25T22:30:00.000Z,134.0,128.0,111.0
NewDelhi-8118,2025-03-25T23:30:00.000Z,140.0,134.0,128.0
NewDelhi-8118,2025-03-26T02:30:00.000Z,162.0,141.0,133.0
NewDelhi-8118,2025-03-26T08:30:00.000Z,46.0,36.0,32.0
NewDelhi-8118,2025-03-26T13:30:00.000Z,44.0,25.0,20.0
NewDelhi-8118,2025-03-26T14:30:00.000Z,47.0,44.0,25.0
NewDelhi-8118,2025-03-26T15:30:00.000Z,74.0,47.0,44.0
NewDelhi-8118,2025-03-26T18:30:00.000Z,92.0,71.0,68.0
NewDelhi-8118,2025-03-26T19:30:00.000Z,100.0,92.0,71.0
NewDelhi-8118,2025-03-26T20:30:00.000Z,111.0,100.0,92.0
NewDelhi-8118,2025-03-26T21:30:00.000Z,117.0,111.0,100.0
NewDelhi-8118,2025-03-26T22:30:00.000Z,122.0,117.0,111.0
NewDelhi-8118,2025-03-26T23:30:00.000Z,124.0,122.0,117.0
NewDelhi-8118,2025-03-27T00:30:00.000Z,139.0,124.0,122.0
NewDelhi-8118,2025-03-27T01:30:00.000Z,170.0,139.0,124.0
NewDelhi-8118,2025-03-27T12:30:00.000Z,34.0,27.0,26.0
NewDelhi-8118,2025-03-27T15:30:00.000Z,59.0,44.0,33.0
NewDelhi-8118,2025-03-27T18:30:00.000Z,68.0,56.0,51.0
NewDelhi-8118,2025-03-27T19:30:00.000Z,72.0,68.0,56.0
NewDelhi-8118,2025-03-27T20:30:00.000Z,153.0,72.0,68.0
NewDelhi-8118,2025-03-27T21:30:00.000Z,174.0,153.0,72.0
NewDelhi-8118,2025-03-28T02:30:00.000Z,75.0,53.0,44.0
NewDelhi-8118,2025-03-28T03:30:00.000Z,79.0,75.0,53.0
NewDelhi-8118,2025-03-28T14:30:00.000Z,36.0,32.0,27.0
NewDelhi-8118,2025-03-28T20:30:00.000Z,41.0,26.0,24.0
NewDelhi-8118,2025-03-28T21:30:00.000Z,46.0,41.0,26.0
NewDelhi-8118,2025-03-28T22:30:00.000Z,49.0,46.0,41.0
NewDelhi-8118,2025-03-29T02:30:00.000Z,61.0,48.0,37.0
NewDelhi-8118,2025-03-29T03:30:00.000Z,73.0,61.0,48.0
NewDelhi-8118,2025-03-29T13:30:00.000Z,25.0,21.0,13.0
NewDelhi-8118,2025-03-29T19:30:00.000Z,58.0,43.0,33.0
NewDelhi-8118,2025-03-30T13:30:00.000Z,19.0,17.0,14.0
NewDelhi-8118,2025-03-30T14:30:00.000Z,22.0,19.0,17.0
NewDelhi-8118,2025-03-30T15:30:00.000Z,36.0,22.0,19.0
NewDelhi-8118,2025-03-30T16:30:00.000Z,53.0,36.0,22.0
NewDelhi-8118,2025-03-30T17:30:00.000Z,65.0,53.0,36.0
NewDelhi-8118,2025-03-30T18:30:00.000Z,70.0,65.0,53.0
NewDelhi-8118,2025-03-30T21:30:00.000Z,99.0,78.0,67.0
NewDelhi-8118,2025-03-31T00:30:00.000Z,197.0,110.0,95.0
NewDelhi-8118,2025-03-31T03:30:00.000Z,170.0,165.0,163.0
NewDelhi-8118,2025-03-31T15:30:00.000Z,41.0,29.0,13.0
NewDelhi-8118,2025-03-31T16:30:00.000Z,50.0,41.0,29.0
NewDelhi-8118,2025-04-01T00:30:00.000Z,142.0,80.0,63.0
NewDelhi-8118,2025-04-01T01:30:00.000Z,167.0,142.0,80.0
NewDelhi-8118,2025-04-01T10:30:00.000Z,26.0,23.0,22.0
NewDelhi-8118,2025-04-01T13:30:00.000Z,27.0,23.0,18.0
NewDelhi-8118,2025-04-01T14:30:00.000Z,43.0,27.0,23.0
NewDelhi-8118,2025-04-01T15:30:00.000Z,69.0,43.0,27.0
NewDelhi-8118,2025-04-01T18:30:00.000Z,116.0,98.0,65.0
NewDelhi-8118,2025-04-01T23:30:00.000Z,107.0,99.0,96.0
NewDelhi-8118,2025-04-02T00:30:00.000Z,158.0,107.0,99.0
NewDelhi-8118,2025-04-02T01:30:00.000Z,211.0,158.0,107.0
NewDelhi-8118,2025-04-02T02:30:00.000Z,244.0,211.0,158.0
NewDelhi-8118,2025-04-02T12:30:00.000Z,76.0,28.0,27.0
NewDelhi-8118,2025-04-02T15:30:00.000Z,55.0,49.0,42.0
NewDelhi-8118,2025-04-02T16:30:00.000Z,111.0,55.0,49.0
NewDelhi-8118,2025-04-02T19:30:00.000Z,88.0,72.0,69.0
NewDelhi-8118,2025-04-02T20:30:00.000Z,90.0,88.0,72.0
NewDelhi-8118,2025-04-03T02:30:00.000Z,92.0,88.0,74.0
NewDelhi-8118,2025-04-03T03:30:00.000Z,103.0,92.0,88.0
NewDelhi-8118,2025-04-03T12:30:00.000Z,30.0,22.0,13.0
NewDelhi-8118,2025-04-03T15:30:00.000Z,79.0,59.0,30.0
NewDelhi-8118,2025-04-03T22:30:00.000Z,90.0,83.0,61.0
NewDelhi-8118,2025-04-03T23:30:00.000Z,94.0,90.0,83.0
NewDelhi-8118,2025-04-04T00:30:00.000Z,97.0,94.0,90.0
NewDelhi-8118,2025-04-04T01:30:00.000Z,107.0,97.0,94.0
NewDelhi-8118,2025-04-04T02:30:00.000Z,128.0,107.0,97.0
NewDelhi-8118,2025-04-04T03:30:00.000Z,145.0,128.0,107.0
NewDelhi-8118,2025-04-04T13:30:00.000Z,31.0,29.0,24.0
NewDelhi-8118,2025-04-04T14:30:00.000Z,44.0,31.0,29.0
NewDelhi-8118,2025-04-04T15:30:00.000Z,56.0,44.0,31.0
NewDelhi-8118,2025-04-04T16:30:00.000Z,59.0,56.0,44.0
NewDelhi-8118,2025-04-05T00:30:00.000Z,81.0,58.0,41.0
NewDelhi-8118,2025-04-05T01:30:00.000Z,143.0,81.0,58.0
NewDelhi-8118,2025-04-05T02:30:00.000Z,158.0,143.0,81.0
NewDelhi-8118,2025-04-05T14:30:00.000Z,33.0,28.0,25.0
NewDelhi-8118,2025-04-05T15:30:00.000Z,56.0,33.0,28.0
NewDelhi-8118,2025-04-05T16:30:00.000Z,67.0,56.0,33.0
NewDelhi-8118,2025-04-05T17:30:00.000Z,80.0,67.0,56.0
NewDelhi-8118,2025-04-05T18:30:00.000Z,99.0,80.0,67.0
NewDelhi-8118,2025-04-05T19:30:00.000Z,108.0,99.0,80.0
NewDelhi-8118,2025-04-05T22:30:00.000Z,147.0,117.0,107.0
NewDelhi-8118,2025-04-05T23:30:00.000Z,174.0,147.0,117.0
NewDelhi-8118,2025-04-06T14:30:00.000Z,53.0,28.0,22.0
NewDelhi-8118,2025-04-06T18:30:00.000Z,73.0,61.0,46.0
NewDelhi-8118,2025-04-06T19:30:00.000Z,74.0,73.0,61.0
NewDelhi-8118,2025-04-06T20:30:00.000Z,86.0,74.0,73.0
NewDelhi-8118,2025-04-06T21:30:00.000Z,90.0,86.0,74.0
NewDelhi-8118,2025-04-06T22:30:00.000Z,93.0,90.0,86.0
NewDelhi-8118,2025-04-07T01:30:00.000Z,104.0,97.0,91.0
NewDelhi-8118,2025-04-07T02:30:00.000Z,152.0,104.0,97.0
NewDelhi-8118,2025-04-07T03:30:00.000Z,190.0,152.0,104.0
NewDelhi-8118,2025-04-07T14:30:00.000Z,63.0,50.0,46.0
NewDelhi-8118,2025-04-07T15:30:00.000Z,72.0,63.0,50.0
NewDelhi-8118,2025-04-07T16:30:00.000Z,81.0,72.0,63.0
NewDelhi-8118,2025-04-07T17:30:00.000Z,87.0,81.0,72.0
NewDelhi-8118,2025-04-07T18:30:00.000Z,101.0,87.0,81.0
NewDelhi-8118,2025-04-07T19:30:00.000Z,109.0,101.0,87.0
NewDelhi-8118,2025-04-07T20:30:00.000Z,120.0,109.0,101.0
NewDelhi-8118,2025-04-08T13:30:00.000Z,80.0,60.0,56.0
NewDelhi-8118,2025-04-08T14:30:00.000Z,89.0,80.0,60.0
NewDelhi-8118,2025-04-08T15:30:00.000Z,96.0,89.0,80.0
NewDelhi-8118,2025-04-08T16:30:00.000Z,105.0,96.0,89.0
NewDelhi-8118,2025-04-08T22:30:00.000Z,105.0,102.0,91.0
NewDelhi-8118,2025-04-09T02:30:00.000Z,110.0,103.0,94.0
NewDelhi-8118,2025-04-09T14:30:00.000Z,96.0,83.0,70.0
NewDelhi-8118,2025-04-09T15:30:00.000Z,107.0,96.0,83.0
NewDelhi-8118,2025-04-09T16:30:00.000Z,113.0,107.0,96.0
NewDelhi-8118,2025-04-09T17:30:00.000Z,115.0,113.0,107.0
NewDelhi-8118,2025-04-10T01:30:00.000Z,84.0,70.0,64.0
NewDelhi-8118,2025-04-10T02:30:00.000Z,148.0,84.0,70.0
NewDelhi-8118,2025-04-10T08:30:00.000Z,65.0,58.0,50.0
NewDelhi-8118,2025-04-10T09:30:00.000Z,71.0,65.0,58.0
NewDelhi-8118,2025-04-10T19:30:00.000Z,48.0,35.0,33.0
NewDelhi-8118,2025-04-11T00:30:00.000Z,44.0,40.0,31.0
NewDelhi-8118,2025-04-11T01:30:00.000Z,54.0,44.0,40.0
NewDelhi-8118,2025-04-11T04:30:00.000Z,64.0,49.0,44.0
NewDelhi-8118,2025-04-11T08:30:00.000Z,87.0,63.0,59.0
NewDelhi-8118,2025-04-11T18:30:00.000Z,36.0,27.0,13.0
NewDelhi-8118,2025-04-11T23:30:00.000Z,47.0,25.0,22.0
NewDelhi-8118,2025-04-12T03:30:00.000Z,52.0,45.0,42.0
NewDelhi-8118,2025-04-12T04:30:00.000Z,83.0,52.0,45.0
NewDelhi-8118,2025-04-12T14:30:00.000Z,54.0,51.0,42.0
NewDelhi-8118,2025-04-12T15:30:00.000Z,56.0,54.0,51.0
NewDelhi-8118,2025-04-12T16:30:00.000Z,67.0,56.0,54.0
NewDelhi-8118,2025-04-12T23:30:00.000Z,41.0,38.0,36.0
NewDelhi-8118,2025-04-13T00:30:00.000Z,44.0,41.0,38.0
NewDelhi-8118,2025-04-13T01:30:00.000Z,47.0,44.0,41.0
NewDelhi-8118,2025-04-13T02:30:00.000Z,63.0,47.0,44.0
NewDelhi-8118,2025-04-13T15:30:00.000Z,78.0,51.0,43.0
NewDelhi-8118,2025-04-13T20:30:00.000Z,83.0,74.0,64.0
NewDelhi-8118,2025-04-14T00:30:00.000Z,109.0,87.0,78.0
NewDelhi-8118,2025-04-14T01:30:00.000Z,130.0,109.0,87.0
NewDelhi-8118,2025-04-14T13:30:00.000Z,36.0,28.0,24.0
NewDelhi-8118,2025-04-14T14:30:00.000Z,44.0,36.0,28.0
NewDelhi-8118,2025-04-14T15:30:00.000Z,55.0,44.0,36.0
NewDelhi-8118,2025-04-14T16:30:00.000Z,65.0,55.0,44.0
NewDelhi-8118,2025-04-14T20:30:00.000Z,76.0,68.0,58.0
NewDelhi-8118,2025-04-15T01:30:00.000Z,94.0,83.0,67.0
NewDelhi-8118,2025-04-15T02:30:00.000Z,107.0,94.0,83.0
NewDelhi-8118,2025-04-15T12:30:00.000Z,41.0,38.0,32.0
NewDelhi-8118,2025-04-15T13:30:00.000Z,47.0,41.0,38.0
NewDelhi-8118,2025-04-15T14:30:00.000Z,56.0,47.0,41.0
NewDelhi-8118,2025-04-15T15:30:00.000Z,70.0,56.0,47.0
NewDelhi-8118,2025-04-15T19:30:00.000Z,71.0,69.0,66.0
NewDelhi-8118,2025-04-15T22:30:00.000Z,71.0,69.0,68.0
NewDelhi-8118,2025-04-16T01:30:00.000Z,121.0,74.0,69.0
NewDelhi-8118,2025-04-16T02:30:00.000Z,154.0,121.0,74.0
NewDelhi-8118,2025-04-16T06:30:00.000Z,89.0,83.0,75.0
NewDelhi-8118,2025-04-16T07:30:00.000Z,132.0,89.0,83.0
NewDelhi-8118,2025-04-16T14:30:00.000Z,73.0,66.0,65.0
NewDelhi-8118,2025-04-16T15:30:00.000Z,77.0,73.0,66.0
NewDelhi-8118,2025-04-16T19:30:00.000Z,80.0,70.0,69.0
NewDelhi-8118,2025-04-16T23:30:00.000Z,121.0,72.0,71.0
NewDelhi-8118,2025-04-17T10:30:00.000Z,49.0,47.0,46.0
NewDelhi-8118,2025-04-17T11:30:00.000Z,51.0,49.0,47.0
NewDelhi-8118,2025-04-17T12:30:00.000Z,62.0,51.0,49.0
NewDelhi-8118,2025-04-17T15:30:00.000Z,79.0,74.0,60.0
NewDelhi-8118,2025-04-17T16:30:00.000Z,84.0,79.0,74.0
NewDelhi-8118,2025-04-17T17:30:00.000Z,90.0,84.0,79.0
NewDelhi-8118,2025-04-17T18:30:00.000Z,94.0,90.0,84.0
NewDelhi-8118,2025-04-18T03:30:00.000Z,80.0,75.0,60.0
NewDelhi-8118,2025-04-18T04:30:00.000Z,291.0,80.0,75.0
NewDelhi-8118,2025-04-18T08:30:00.000Z,109.0,106.0,90.0
NewDelhi-8118,2025-04-18T09:30:00.000Z,132.0,109.0,106.0
NewDelhi-8118,2025-04-18T14:30:00.000Z,88.0,84.0,63.0
NewDelhi-8118,2025-04-18T15:30:00.000Z,90.0,88.0,84.0
NewDelhi-8118,2025-04-19T02:30:00.000Z,60.0,53.0,44.0
NewDelhi-8118,2025-04-19T03:30:00.000Z,67.0,60.0,53.0
NewDelhi-8118,2025-04-19T04:30:00.000Z,79.0,67.0,60.0
NewDelhi-8118,2025-04-19T05:30:00.000Z,93.0,79.0,67.0
NewDelhi-8118,2025-04-20T00:30:00.000Z,36.0,34.0,31.0
NewDelhi-8118,2025-04-20T01:30:00.000Z,37.0,36.0,34.0
NewDelhi-8118,2025-04-20T02:30:00.000Z,44.0,37.0,36.0
NewDelhi-8118,2025-04-20T03:30:00.000Z,46.0,44.0,37.0
NewDelhi-8118,2025-04-20T04:30:00.000Z,56.0,46.0,44.0
NewDelhi-8118,2025-04-20T05:30:00.000Z,61.0,56.0,46.0
NewDelhi-8118,2025-04-20T06:30:00.000Z,69.0,61.0,56.0
NewDelhi-8118,2025-04-20T07:30:00.000Z,73.0,69.0,61.0
NewDelhi-8118,2025-04-20T15:30:00.000Z,65.0,61.0,51.0
NewDelhi-8118,2025-04-20T16:30:00.000Z,69.0,65.0,61.0
NewDelhi-8118,2025-04-20T17:30:00.000Z,73.0,69.0,65.0
NewDelhi-8118,2025-04-20T18:30:00.000Z,80.0,73.0,69.0
NewDelhi-8118,2025-04-20T22:30:00.000Z,84.0,82.0,72.0
NewDelhi-8118,2025-04-21T01:30:00.000Z,86.0,85.0,83.0
NewDelhi-8118,2025-04-21T02:30:00.000Z,99.0,86.0,85.0
NewDelhi-8118,2025-04-21T03:30:00.000Z,108.0,99.0,86.0
NewDelhi-8118,2025-04-21T15:30:00.000Z,63.0,47.0,36.0
NewDelhi-8118,2025-04-21T16:30:00.000Z,66.0,63.0,47.0
NewDelhi-8118,2025-04-21T17:30:00.000Z,70.0,66.0,63.0
NewDelhi-8118,2025-04-21T18:30:00.000Z,78.0,70.0,66.0
