location,timestamp,temperature,humidity
New Delhi-8118,2025-01-01T00:00:00.000Z,13.0,48.0
New Delhi-8118,2025-01-01T01:00:00.000Z,6.7,83.6
New Delhi-8118,2025-01-01T02:00:00.000Z,26.0,85.2
New Delhi-8118,2025-01-01T03:00:00.000Z,19.7,52.2
New Delhi-8118,2025-01-01T04:00:00.000Z,34.3,64.1
New Delhi-8118,2025-01-01T05:00:00.000Z,15.2,59.3
New Delhi-8118,2025-01-01T06:00:00.000Z,17.4,59.5
New Delhi-8118,2025-01-01T07:00:00.000Z,13.2,78.3
New Delhi-8118,2025-01-01T08:00:00.000Z,24.9,49.6
New Delhi-8118,2025-01-01T09:00:00.000Z,14.9,32.8
New Delhi-8118,2025-01-01T10:00:00.000Z,32.0,57.8
New Delhi-8118,2025-01-01T11:00:00.000Z,9.5,37.0
New Delhi-8118,2025-01-01T12:00:00.000Z,16.3,66.6
New Delhi-8118,2025-01-01T13:00:00.000Z,5.7,39.3
New Delhi-8118,2025-01-01T14:00:00.000Z,22.4,65.8
New Delhi-8118,2025-01-01T15:00:00.000Z,28.9,40.6
New Delhi-8118,2025-01-01T16:00:00.000Z,5.2,88.3
New Delhi-8118,2025-01-01T17:00:00.000Z,18.9,54.1
New Delhi-8118,2025-01-01T18:00:00.000Z,7.8,69.7
New Delhi-8118,2025-01-01T19:00:00.000Z,34.0,41.6
New Delhi-8118,2025-01-01T20:00:00.000Z,32.4,37.4
New Delhi-8118,2025-01-01T21:00:00.000Z,26.9,54.0
New Delhi-8118,2025-01-01T22:00:00.000Z,29.9,47.1
New Delhi-8118,2025-01-01T23:00:00.000Z,34.0,38.2
New Delhi-8118,2025-01-02T00:00:00.000Z,33.7,75.3
New Delhi-8118,2025-01-02T01:00:00.000Z,29.1,74.2
New Delhi-8118,2025-01-02T02:00:00.000Z,28.3,33.5
New Delhi-8118,2025-01-02T03:00:00.000Z,25.3,53.6
New Delhi-8118,2025-01-02T04:00:00.000Z,8.7,86.4
New Delhi-8118,2025-01-02T05:00:00.000Z,7.0,58.8
New Delhi-8118,2025-01-02T06:00:00.000Z,30.5,43.7
New Delhi-8118,2025-01-02T07:00:00.000Z,25.2,47.3
New Delhi-8118,2025-01-02T08:00:00.000Z,26.0,40.9
New Delhi-8118,2025-01-02T09:00:00.000Z,11.9,77.1
New Delhi-8118,2025-01-02T10:00:00.000Z,26.5,84.7
New Delhi-8118,2025-01-02T11:00:00.000Z,11.7,69.1
New Delhi-8118,2025-01-02T12:00:00.000Z,15.3,65.1
New Delhi-8118,2025-01-02T13:00:00.000Z,23.2,62.9
New Delhi-8118,2025-01-02T14:00:00.000Z,7.1,66.7
New Delhi-8118,2025-01-02T15:00:00.000Z,34.9,71.3
New Delhi-8118,2025-01-02T16:00:00.000Z,13.7,52.0
New Delhi-8118,2025-01-02T17:00:00.000Z,29.7,37.6
New Delhi-8118,2025-01-02T18:00:00.000Z,13.7,54.4
New Delhi-8118,2025-01-02T19:00:00.000Z,32.4,59.7
New Delhi-8118,2025-01-02T20:00:00.000Z,16.0,58.7
New Delhi-8118,2025-01-02T21:00:00.000Z,11.0,88.6
New Delhi-8118,2025-01-02T22:00:00.000Z,19.4,67.2
New Delhi-8118,2025-01-02T23:00:00.000Z,32.3,81.9
New Delhi-8118,2025-01-03T00:00:00.000Z,33.0,36.1
New Delhi-8118,2025-01-03T01:00:00.000Z,18.0,60.4
New Delhi-8118,2025-01-03T02:00:00.000Z,5.9,55.7
New Delhi-8118,2025-01-03T03:00:00.000Z,13.3,84.3
New Delhi-8118,2025-01-03T04:00:00.000Z,30.5,58.4
New Delhi-8118,2025-01-03T05:00:00.000Z,28.7,80.6
New Delhi-8118,2025-01-03T06:00:00.000Z,30.6,67.2
New Delhi-8118,2025-01-03T07:00:00.000Z,5.2,61.5
New Delhi-8118,2025-01-03T08:00:00.000Z,18.0,57.0
New Delhi-8118,2025-01-03T09:00:00.000Z,11.8,79.5
New Delhi-8118,2025-01-03T10:00:00.000Z,27.0,82.1
New Delhi-8118,2025-01-03T11:00:00.000Z,14.7,30.7
New Delhi-8118,2025-01-03T12:00:00.000Z,14.1,86.3
New Delhi-8118,2025-01-03T13:00:00.000Z,30.3,82.9
New Delhi-8118,2025-01-03T14:00:00.000Z,28.3,30.8
New Delhi-8118,2025-01-03T15:00:00.000Z,23.0,56.7
New Delhi-8118,2025-01-03T16:00:00.000Z,7.3,44.2
New Delhi-8118,2025-01-03T17:00:00.000Z,14.4,46.7
New Delhi-8118,2025-01-03T18:00:00.000Z,23.5,59.4
New Delhi-8118,2025-01-03T19:00:00.000Z,10.0,42.4
New Delhi-8118,2025-01-03T20:00:00.000Z,21.9,75.0
New Delhi-8118,2025-01-03T21:00:00.000Z,10.8,41.2
New Delhi-8118,2025-01-03T22:00:00.000Z,34.8,49.3
New Delhi-8118,2025-01-03T23:00:00.000Z,29.3,35.6
New Delhi-8118,2025-01-04T00:00:00.000Z,30.6,70.2
New Delhi-8118,2025-01-04T01:00:00.000Z,24.4,55.9
New Delhi-8118,2025-01-04T02:00:00.000Z,30.0,85.5
New Delhi-8118,2025-01-04T03:00:00.000Z,5.5,46.3
New Delhi-8118,2025-01-04T04:00:00.000Z,29.9,45.8
New Delhi-8118,2025-01-04T05:00:00.000Z,21.6,64.2
New Delhi-8118,2025-01-04T06:00:00.000Z,25.9,36.7
New Delhi-8118,2025-01-04T07:00:00.000Z,26.3,65.6
New Delhi-8118,2025-01-04T08:00:00.000Z,10.8,78.2
New Delhi-8118,2025-01-04T09:00:00.000Z,20.3,43.4
New Delhi-8118,2025-01-04T10:00:00.000Z,18.3,50.3
New Delhi-8118,2025-01-04T11:00:00.000Z,9.4,89.4
New Delhi-8118,2025-01-04T12:00:00.000Z,25.0,35.0
New Delhi-8118,2025-01-04T13:00:00.000Z,21.9,59.4
New Delhi-8118,2025-01-04T14:00:00.000Z,32.0,51.5
New Delhi-8118,2025-01-04T15:00:00.000Z,9.9,82.4
New Delhi-8118,2025-01-04T16:00:00.000Z,22.7,30.6
New Delhi-8118,2025-01-04T17:00:00.000Z,17.5,82.2
New Delhi-8118,2025-01-04T18:00:00.000Z,21.5,53.5
New Delhi-8118,2025-01-04T19:00:00.000Z,33.9,35.5
New Delhi-8118,2025-01-04T20:00:00.000Z,21.7,88.6
New Delhi-8118,2025-01-04T21:00:00.000Z,13.5,66.6
New Delhi-8118,2025-01-04T22:00:00.000Z,34.7,49.4
New Delhi-8118,2025-01-04T23:00:00.000Z,28.7,89.6
New Delhi-8118,2025-01-05T00:00:00.000Z,23.6,36.7
New Delhi-8118,2025-01-05T01:00:00.000Z,13.2,48.9
New Delhi-8118,2025-01-05T02:00:00.000Z,25.7,62.0
New Delhi-8118,2025-01-05T03:00:00.000Z,14.7,83.3
New Delhi-8118,2025-01-05T04:00:00.000Z,10.2,32.1
New Delhi-8118,2025-01-05T05:00:00.000Z,12.5,70.3
New Delhi-8118,2025-01-05T06:00:00.000Z,24.8,81.1
New Delhi-8118,2025-01-05T07:00:00.000Z,8.9,56.7
New Delhi-8118,2025-01-05T08:00:00.000Z,17.0,56.8
New Delhi-8118,2025-01-05T09:00:00.000Z,13.7,46.0
New Delhi-8118,2025-01-05T10:00:00.000Z,33.3,67.5
New Delhi-8118,2025-01-05T11:00:00.000Z,9.0,73.8
New Delhi-8118,2025-01-05T12:00:00.000Z,21.0,40.8
New Delhi-8118,2025-01-05T13:00:00.000Z,31.8,87.4
New Delhi-8118,2025-01-05T14:00:00.000Z,18.6,38.7
New Delhi-8118,2025-01-05T15:00:00.000Z,33.1,47.6
New Delhi-8118,2025-01-05T16:00:00.000Z,6.5,73.1
New Delhi-8118,2025-01-05T17:00:00.000Z,13.4,64.7
New Delhi-8118,2025-01-05T18:00:00.000Z,7.0,73.6
New Delhi-8118,2025-01-05T19:00:00.000Z,20.7,40.4
New Delhi-8118,2025-01-05T20:00:00.000Z,23.5,46.8
New Delhi-8118,2025-01-05T21:00:00.000Z,30.4,79.4
New Delhi-8118,2025-01-05T22:00:00.000Z,7.0,65.5
New Delhi-8118,2025-01-05T23:00:00.000Z,31.8,37.1
New Delhi-8118,2025-01-06T00:00:00.000Z,32.4,63.8
New Delhi-8118,2025-01-06T01:00:00.000Z,23.3,59.5
New Delhi-8118,2025-01-06T02:00:00.000Z,34.4,81.7
New Delhi-8118,2025-01-06T03:00:00.000Z,5.2,59.8
New Delhi-8118,2025-01-06T04:00:00.000Z,25.5,59.2
New Delhi-8118,2025-01-06T05:00:00.000Z,33.2,41.3
New Delhi-8118,2025-01-06T06:00:00.000Z,10.5,50.5
New Delhi-8118,2025-01-06T07:00:00.000Z,30.1,80.5
New Delhi-8118,2025-01-06T08:00:00.000Z,16.9,71.2
New Delhi-8118,2025-01-06T09:00:00.000Z,32.1,89.7
New Delhi-8118,2025-01-06T10:00:00.000Z,17.4,46.5
New Delhi-8118,2025-01-06T11:00:00.000Z,19.2,55.4
New Delhi-8118,2025-01-06T12:00:00.000Z,7.2,56.6
New Delhi-8118,2025-01-06T13:00:00.000Z,27.3,51.7
New Delhi-8118,2025-01-06T14:00:00.000Z,13.1,45.3
New Delhi-8118,2025-01-06T15:00:00.000Z,31.8,74.6
New Delhi-8118,2025-01-06T16:00:00.000Z,32.0,38.1
New Delhi-8118,2025-01-06T17:00:00.000Z,9.3,44.0
New Delhi-8118,2025-01-06T18:00:00.000Z,30.7,46.1
New Delhi-8118,2025-01-06T19:00:00.000Z,7.7,72.4
New Delhi-8118,2025-01-06T20:00:00.000Z,18.6,47.3
New Delhi-8118,2025-01-06T21:00:00.000Z,7.4,80.1
New Delhi-8118,2025-01-06T22:00:00.000Z,32.5,78.7
New Delhi-8118,2025-01-06T23:00:00.000Z,31.6,83.1
New Delhi-8118,2025-01-07T00:00:00.000Z,12.6,41.1
New Delhi-8118,2025-01-07T01:00:00.000Z,29.8,75.2
New Delhi-8118,2025-01-07T02:00:00.000Z,33.6,45.2
New Delhi-8118,2025-01-07T03:00:00.000Z,27.3,87.7
New Delhi-8118,2025-01-07T04:00:00.000Z,15.6,80.0
New Delhi-8118,2025-01-07T05:00:00.000Z,19.9,67.7
New Delhi-8118,2025-01-07T06:00:00.000Z,18.1,86.3
New Delhi-8118,2025-01-07T07:00:00.000Z,15.1,74.3
New Delhi-8118,2025-01-07T08:00:00.000Z,20.6,63.7
New Delhi-8118,2025-01-07T09:00:00.000Z,31.7,46.2
New Delhi-8118,2025-01-07T10:00:00.000Z,18.8,57.3
New Delhi-8118,2025-01-07T11:00:00.000Z,22.6,73.4
New Delhi-8118,2025-01-07T12:00:00.000Z,29.6,75.1
New Delhi-8118,2025-01-07T13:00:00.000Z,32.4,44.9
New Delhi-8118,2025-01-07T14:00:00.000Z,14.6,64.2
New Delhi-8118,2025-01-07T15:00:00.000Z,17.5,60.9
New Delhi-8118,2025-01-07T16:00:00.000Z,21.2,48.6
New Delhi-8118,2025-01-07T17:00:00.000Z,28.5,68.1
New Delhi-8118,2025-01-07T18:00:00.000Z,20.1,64.4
New Delhi-8118,2025-01-07T19:00:00.000Z,16.9,52.8
New Delhi-8118,2025-01-07T20:00:00.000Z,19.1,62.7
New Delhi-8118,2025-01-07T21:00:00.000Z,33.3,60.1
New Delhi-8118,2025-01-07T22:00:00.000Z,21.3,50.9
New Delhi-8118,2025-01-07T23:00:00.000Z,8.2,50.7
New Delhi-8118,2025-01-08T00:00:00.000Z,23.8,74.9
New Delhi-8118,2025-01-08T01:00:00.000Z,10.8,33.1
New Delhi-8118,2025-01-08T02:00:00.000Z,19.1,86.5
New Delhi-8118,2025-01-08T03:00:00.000Z,33.2,37.7
New Delhi-8118,2025-01-08T04:00:00.000Z,24.8,43.0
New Delhi-8118,2025-01-08T05:00:00.000Z,17.6,70.4
New Delhi-8118,2025-01-08T06:00:00.000Z,16.5,49.4
New Delhi-8118,2025-01-08T07:00:00.000Z,8.2,44.1
New Delhi-8118,2025-01-08T08:00:00.000Z,12.4,30.4
New Delhi-8118,2025-01-08T09:00:00.000Z,7.0,47.2
New Delhi-8118,2025-01-08T10:00:00.000Z,12.9,42.4
New Delhi-8118,2025-01-08T11:00:00.000Z,18.7,70.5
New Delhi-8118,2025-01-08T12:00:00.000Z,21.4,51.9
New Delhi-8118,2025-01-08T13:00:00.000Z,10.0,39.0
New Delhi-8118,2025-01-08T14:00:00.000Z,11.4,56.5
New Delhi-8118,2025-01-08T15:00:00.000Z,33.1,55.7
New Delhi-8118,2025-01-08T16:00:00.000Z,8.1,45.2
New Delhi-8118,2025-01-08T17:00:00.000Z,23.0,46.8
New Delhi-8118,2025-01-08T18:00:00.000Z,27.8,74.0
New Delhi-8118,2025-01-08T19:00:00.000Z,21.0,67.6
New Delhi-8118,2025-01-08T20:00:00.000Z,5.9,31.2
New Delhi-8118,2025-01-08T21:00:00.000Z,27.4,74.7
New Delhi-8118,2025-01-08T22:00:00.000Z,11.6,84.7
New Delhi-8118,2025-01-08T23:00:00.000Z,31.8,64.9
New Delhi-8118,2025-01-09T00:00:00.000Z,28.2,42.4
New Delhi-8118,2025-01-09T01:00:00.000Z,34.3,47.4
New Delhi-8118,2025-01-09T02:00:00.000Z,11.1,45.2
New Delhi-8118,2025-01-09T03:00:00.000Z,14.2,75.6
New Delhi-8118,2025-01-09T04:00:00.000Z,13.6,56.9
New Delhi-8118,2025-01-09T05:00:00.000Z,25.7,69.8
New Delhi-8118,2025-01-09T06:00:00.000Z,18.9,46.2
New Delhi-8118,2025-01-09T07:00:00.000Z,9.1,35.9
New Delhi-8118,2025-01-09T08:00:00.000Z,7.0,86.1
New Delhi-8118,2025-01-09T09:00:00.000Z,23.4,58.5
New Delhi-8118,2025-01-09T10:00:00.000Z,23.1,81.4
New Delhi-8118,2025-01-09T11:00:00.000Z,10.3,69.4
New Delhi-8118,2025-01-09T12:00:00.000Z,29.5,86.6
New Delhi-8118,2025-01-09T13:00:00.000Z,14.9,53.5
New Delhi-8118,2025-01-09T14:00:00.000Z,19.9,48.8
New Delhi-8118,2025-01-09T15:00:00.000Z,15.0,42.0
New Delhi-8118,2025-01-09T16:00:00.000Z,23.5,82.7
New Delhi-8118,2025-01-09T17:00:00.000Z,32.7,77.6
New Delhi-8118,2025-01-09T18:00:00.000Z,12.8,70.0
New Delhi-8118,2025-01-09T19:00:00.000Z,33.5,77.4
New Delhi-8118,2025-01-09T20:00:00.000Z,34.4,63.4
New Delhi-8118,2025-01-09T21:00:00.000Z,20.9,43.3
New Delhi-8118,2025-01-09T22:00:00.000Z,19.5,70.1
New Delhi-8118,2025-01-09T23:00:00.000Z,6.9,67.6
New Delhi-8118,2025-01-10T00:00:00.000Z,22.5,58.9
New Delhi-8118,2025-01-10T01:00:00.000Z,21.8,87.4
New Delhi-8118,2025-01-10T02:00:00.000Z,11.0,80.6
New Delhi-8118,2025-01-10T03:00:00.000Z,12.8,75.2
New Delhi-8118,2025-01-10T04:00:00.000Z,6.1,68.0
New Delhi-8118,2025-01-10T05:00:00.000Z,33.5,61.5
New Delhi-8118,2025-01-10T06:00:00.000Z,18.0,34.6
New Delhi-8118,2025-01-10T07:00:00.000Z,9.8,70.9
New Delhi-8118,2025-01-10T08:00:00.000Z,9.0,67.5
New Delhi-8118,2025-01-10T09:00:00.000Z,34.8,78.6
New Delhi-8118,2025-01-10T10:00:00.000Z,8.1,47.5
New Delhi-8118,2025-01-10T11:00:00.000Z,27.9,64.5
New Delhi-8118,2025-01-10T12:00:00.000Z,15.7,30.9
New Delhi-8118,2025-01-10T13:00:00.000Z,9.4,77.3
New Delhi-8118,2025-01-10T14:00:00.000Z,22.2,60.6
New Delhi-8118,2025-01-10T15:00:00.000Z,11.3,67.2
New Delhi-8118,2025-01-10T16:00:00.000Z,26.4,71.2
New Delhi-8118,2025-01-10T17:00:00.000Z,7.3,83.6
New Delhi-8118,2025-01-10T18:00:00.000Z,13.6,56.7
New Delhi-8118,2025-01-10T19:00:00.000Z,9.0,65.6
New Delhi-8118,2025-01-10T20:00:00.000Z,33.8,85.5
New Delhi-8118,2025-01-10T21:00:00.000Z,21.9,77.8
New Delhi-8118,2025-01-10T22:00:00.000Z,17.7,44.7
New Delhi-8118,2025-01-10T23:00:00.000Z,25.6,75.8
New Delhi-8118,2025-01-11T00:00:00.000Z,29.3,75.2
New Delhi-8118,2025-01-11T01:00:00.000Z,18.2,33.9
New Delhi-8118,2025-01-11T02:00:00.000Z,26.1,64.5
New Delhi-8118,2025-01-11T03:00:00.000Z,32.2,59.8
New Delhi-8118,2025-01-11T04:00:00.000Z,26.1,39.6
New Delhi-8118,2025-01-11T05:00:00.000Z,24.5,62.7
New Delhi-8118,2025-01-11T06:00:00.000Z,17.3,78.3
New Delhi-8118,2025-01-11T07:00:00.000Z,6.5,47.5
New Delhi-8118,2025-01-11T08:00:00.000Z,32.5,78.0
New Delhi-8118,2025-01-11T09:00:00.000Z,6.5,60.4
New Delhi-8118,2025-01-11T10:00:00.000Z,19.0,64.2
New Delhi-8118,2025-01-11T11:00:00.000Z,29.6,50.5
New Delhi-8118,2025-01-11T12:00:00.000Z,31.4,34.9
New Delhi-8118,2025-01-11T13:00:00.000Z,32.4,51.2
New Delhi-8118,2025-01-11T14:00:00.000Z,20.5,59.8
New Delhi-8118,2025-01-11T15:00:00.000Z,15.9,55.1
New Delhi-8118,2025-01-11T16:00:00.000Z,33.3,83.0
New Delhi-8118,2025-01-11T17:00:00.000Z,20.6,50.5
New Delhi-8118,2025-01-11T18:00:00.000Z,32.7,37.4
New Delhi-8118,2025-01-11T19:00:00.000Z,14.2,83.7
New Delhi-8118,2025-01-11T20:00:00.000Z,31.4,78.4
New Delhi-8118,2025-01-11T21:00:00.000Z,20.1,66.0
New Delhi-8118,2025-01-11T22:00:00.000Z,19.1,85.6
New Delhi-8118,2025-01-11T23:00:00.000Z,14.4,81.9
New Delhi-8118,2025-01-12T00:00:00.000Z,12.2,31.2
New Delhi-8118,2025-01-12T01:00:00.000Z,8.1,49.7
New Delhi-8118,2025-01-12T02:00:00.000Z,33.4,73.8
New Delhi-8118,2025-01-12T03:00:00.000Z,8.4,49.5
New Delhi-8118,2025-01-12T04:00:00.000Z,32.1,60.2
New Delhi-8118,2025-01-12T05:00:00.000Z,24.8,80.8
New Delhi-8118,2025-01-12T06:00:00.000Z,34.7,30.9
New Delhi-8118,2025-01-12T07:00:00.000Z,20.8,48.4
New Delhi-8118,2025-01-12T08:00:00.000Z,14.4,77.2
New Delhi-8118,2025-01-12T09:00:00.000Z,5.8,78.2
New Delhi-8118,2025-01-12T10:00:00.000Z,34.3,64.2
New Delhi-8118,2025-01-12T11:00:00.000Z,20.3,61.4
New Delhi-8118,2025-01-12T12:00:00.000Z,17.1,46.6
New Delhi-8118,2025-01-12T13:00:00.000Z,14.7,52.5
New Delhi-8118,2025-01-12T14:00:00.000Z,16.9,36.3
New Delhi-8118,2025-01-12T15:00:00.000Z,18.6,53.0
New Delhi-8118,2025-01-12T16:00:00.000Z,28.9,53.7
New Delhi-8118,2025-01-12T17:00:00.000Z,7.7,52.8
New Delhi-8118,2025-01-12T18:00:00.000Z,32.8,35.4
New Delhi-8118,2025-01-12T19:00:00.000Z,6.9,73.7
New Delhi-8118,2025-01-12T20:00:00.000Z,14.5,39.8
New Delhi-8118,2025-01-12T21:00:00.000Z,5.1,64.0
New Delhi-8118,2025-01-12T22:00:00.000Z,18.9,36.7
New Delhi-8118,2025-01-12T23:00:00.000Z,26.1,43.8
New Delhi-8118,2025-01-13T00:00:00.000Z,33.1,38.2
New Delhi-8118,2025-01-13T01:00:00.000Z,7.4,61.9
New Delhi-8118,2025-01-13T02:00:00.000Z,7.6,81.0
New Delhi-8118,2025-01-13T03:00:00.000Z,28.8,81.5
New Delhi-8118,2025-01-13T04:00:00.000Z,22.4,65.2
New Delhi-8118,2025-01-13T05:00:00.000Z,12.9,32.8
New Delhi-8118,2025-01-13T06:00:00.000Z,26.5,68.9
New Delhi-8118,2025-01-13T07:00:00.000Z,31.1,86.1
New Delhi-8118,2025-01-13T08:00:00.000Z,13.1,73.5
New Delhi-8118,2025-01-13T09:00:00.000Z,17.5,83.4
New Delhi-8118,2025-01-13T10:00:00.000Z,17.6,34.3
New Delhi-8118,2025-01-13T11:00:00.000Z,25.6,40.6
New Delhi-8118,2025-01-13T12:00:00.000Z,20.9,80.5
New Delhi-8118,2025-01-13T13:00:00.000Z,24.9,34.7
New Delhi-8118,2025-01-13T14:00:00.000Z,16.2,88.6
New Delhi-8118,2025-01-13T15:00:00.000Z,27.1,32.9
New Delhi-8118,2025-01-13T16:00:00.000Z,23.9,89.8
New Delhi-8118,2025-01-13T17:00:00.000Z,12.6,66.4
New Delhi-8118,2025-01-13T18:00:00.000Z,32.0,65.0
New Delhi-8118,2025-01-13T19:00:00.000Z,30.0,45.2
New Delhi-8118,2025-01-13T20:00:00.000Z,16.5,55.0
New Delhi-8118,2025-01-13T21:00:00.000Z,10.3,78.1
New Delhi-8118,2025-01-13T22:00:00.000Z,8.6,78.1
New Delhi-8118,2025-01-13T23:00:00.000Z,21.0,53.4
New Delhi-8118,2025-01-14T00:00:00.000Z,33.3,83.7
New Delhi-8118,2025-01-14T01:00:00.000Z,24.1,62.7
New Delhi-8118,2025-01-14T02:00:00.000Z,26.0,76.0
New Delhi-8118,2025-01-14T03:00:00.000Z,20.9,43.3
New Delhi-8118,2025-01-14T04:00:00.000Z,10.7,34.6
New Delhi-8118,2025-01-14T05:00:00.000Z,12.1,39.4
New Delhi-8118,2025-01-14T06:00:00.000Z,11.9,58.7
New Delhi-8118,2025-01-14T07:00:00.000Z,5.1,35.6
New Delhi-8118,2025-01-14T08:00:00.000Z,25.0,68.2
New Delhi-8118,2025-01-14T09:00:00.000Z,24.3,64.3
New Delhi-8118,2025-01-14T10:00:00.000Z,28.2,68.9
New Delhi-8118,2025-01-14T11:00:00.000Z,18.9,87.2
New Delhi-8118,2025-01-14T12:00:00.000Z,25.5,60.6
New Delhi-8118,2025-01-14T13:00:00.000Z,13.4,30.5
New Delhi-8118,2025-01-14T14:00:00.000Z,30.1,59.5
New Delhi-8118,2025-01-14T15:00:00.000Z,32.5,67.0
New Delhi-8118,2025-01-14T16:00:00.000Z,14.4,38.4
New Delhi-8118,2025-01-14T17:00:00.000Z,26.4,32.1
New Delhi-8118,2025-01-14T18:00:00.000Z,17.3,87.1
New Delhi-8118,2025-01-14T19:00:00.000Z,27.7,64.7
New Delhi-8118,2025-01-14T20:00:00.000Z,11.5,39.2
New Delhi-8118,2025-01-14T21:00:00.000Z,14.0,44.1
New Delhi-8118,2025-01-14T22:00:00.000Z,20.3,53.7
New Delhi-8118,2025-01-14T23:00:00.000Z,8.6,67.5
New Delhi-8118,2025-01-15T00:00:00.000Z,28.8,69.8
New Delhi-8118,2025-01-15T01:00:00.000Z,24.1,59.5
New Delhi-8118,2025-01-15T02:00:00.000Z,31.2,36.7
New Delhi-8118,2025-01-15T03:00:00.000Z,25.0,34.2
New Delhi-8118,2025-01-15T04:00:00.000Z,31.0,76.5
New Delhi-8118,2025-01-15T05:00:00.000Z,17.2,88.4
New Delhi-8118,2025-01-15T06:00:00.000Z,24.3,38.8
New Delhi-8118,2025-01-15T07:00:00.000Z,16.1,39.9
New Delhi-8118,2025-01-15T08:00:00.000Z,13.7,61.7
New Delhi-8118,2025-01-15T09:00:00.000Z,21.3,63.1
New Delhi-8118,2025-01-15T10:00:00.000Z,27.2,85.2
New Delhi-8118,2025-01-15T11:00:00.000Z,29.0,78.2
New Delhi-8118,2025-01-15T12:00:00.000Z,24.8,71.3
New Delhi-8118,2025-01-15T13:00:00.000Z,30.5,31.9
New Delhi-8118,2025-01-15T14:00:00.000Z,32.4,81.7
New Delhi-8118,2025-01-15T15:00:00.000Z,26.2,45.9
New Delhi-8118,2025-01-15T16:00:00.000Z,34.9,48.4
New Delhi-8118,2025-01-15T17:00:00.000Z,29.9,89.0
New Delhi-8118,2025-01-15T18:00:00.000Z,13.1,46.1
New Delhi-8118,2025-01-15T19:00:00.000Z,8.5,77.6
New Delhi-8118,2025-01-15T20:00:00.000Z,21.8,76.1
New Delhi-8118,2025-01-15T21:00:00.000Z,16.9,73.4
New Delhi-8118,2025-01-15T22:00:00.000Z,34.7,45.8
New Delhi-8118,2025-01-15T23:00:00.000Z,33.4,85.6
New Delhi-8118,2025-01-16T00:00:00.000Z,14.8,39.8
New Delhi-8118,2025-01-16T01:00:00.000Z,21.0,50.5
New Delhi-8118,2025-01-16T02:00:00.000Z,8.3,30.8
New Delhi-8118,2025-01-16T03:00:00.000Z,12.5,43.2
New Delhi-8118,2025-01-16T04:00:00.000Z,22.7,70.2
New Delhi-8118,2025-01-16T05:00:00.000Z,33.0,39.9
New Delhi-8118,2025-01-16T06:00:00.000Z,16.9,43.2
New Delhi-8118,2025-01-16T07:00:00.000Z,13.8,86.1
New Delhi-8118,2025-01-16T08:00:00.000Z,17.2,80.3
New Delhi-8118,2025-01-16T09:00:00.000Z,28.9,64.9
New Delhi-8118,2025-01-16T10:00:00.000Z,19.6,49.2
New Delhi-8118,2025-01-16T11:00:00.000Z,7.5,85.3
New Delhi-8118,2025-01-16T12:00:00.000Z,6.6,33.7
New Delhi-8118,2025-01-16T13:00:00.000Z,19.6,42.2
New Delhi-8118,2025-01-16T14:00:00.000Z,34.3,80.9
New Delhi-8118,2025-01-16T15:00:00.000Z,12.5,69.6
New Delhi-8118,2025-01-16T16:00:00.000Z,15.3,35.2
New Delhi-8118,2025-01-16T17:00:00.000Z,5.0,58.1
New Delhi-8118,2025-01-16T18:00:00.000Z,23.7,55.4
New Delhi-8118,2025-01-16T19:00:00.000Z,32.8,54.3
New Delhi-8118,2025-01-16T20:00:00.000Z,32.6,81.2
New Delhi-8118,2025-01-16T21:00:00.000Z,18.8,43.4
New Delhi-8118,2025-01-16T22:00:00.000Z,10.0,52.1
New Delhi-8118,2025-01-16T23:00:00.000Z,33.3,61.5
New Delhi-8118,2025-01-17T00:00:00.000Z,14.6,52.3
New Delhi-8118,2025-01-17T01:00:00.000Z,13.0,32.6
New Delhi-8118,2025-01-17T02:00:00.000Z,12.7,76.1
New Delhi-8118,2025-01-17T03:00:00.000Z,32.2,74.5
New Delhi-8118,2025-01-17T04:00:00.000Z,9.9,67.8
New Delhi-8118,2025-01-17T05:00:00.000Z,6.1,70.9
New Delhi-8118,2025-01-17T06:00:00.000Z,22.0,80.5
New Delhi-8118,2025-01-17T07:00:00.000Z,27.0,64.3
New Delhi-8118,2025-01-17T08:00:00.000Z,15.2,61.3
New Delhi-8118,2025-01-17T09:00:00.000Z,35.0,77.2
New Delhi-8118,2025-01-17T10:00:00.000Z,10.2,65.6
New Delhi-8118,2025-01-17T11:00:00.000Z,26.9,72.6
New Delhi-8118,2025-01-17T12:00:00.000Z,27.7,53.2
New Delhi-8118,2025-01-17T13:00:00.000Z,31.3,38.7
New Delhi-8118,2025-01-17T14:00:00.000Z,26.9,31.5
New Delhi-8118,2025-01-17T15:00:00.000Z,28.0,49.7
New Delhi-8118,2025-01-17T16:00:00.000Z,15.4,71.7
New Delhi-8118,2025-01-17T17:00:00.000Z,25.5,44.6
New Delhi-8118,2025-01-17T18:00:00.000Z,5.1,78.3
New Delhi-8118,2025-01-17T19:00:00.000Z,31.8,47.7
New Delhi-8118,2025-01-17T20:00:00.000Z,13.7,50.0
New Delhi-8118,2025-01-17T21:00:00.000Z,23.2,39.7
New Delhi-8118,2025-01-17T22:00:00.000Z,27.2,53.4
New Delhi-8118,2025-01-17T23:00:00.000Z,15.2,37.8
New Delhi-8118,2025-01-18T00:00:00.000Z,15.1,79.8
New Delhi-8118,2025-01-18T01:00:00.000Z,7.7,30.0
New Delhi-8118,2025-01-18T02:00:00.000Z,13.0,72.2
New Delhi-8118,2025-01-18T03:00:00.000Z,27.6,39.4
New Delhi-8118,2025-01-18T04:00:00.000Z,17.2,73.6
New Delhi-8118,2025-01-18T05:00:00.000Z,12.5,50.4
New Delhi-8118,2025-01-18T06:00:00.000Z,16.9,31.1
New Delhi-8118,2025-01-18T07:00:00.000Z,28.5,33.2
New Delhi-8118,2025-01-18T08:00:00.000Z,24.6,86.7
New Delhi-8118,2025-01-18T09:00:00.000Z,9.7,59.6
New Delhi-8118,2025-01-18T10:00:00.000Z,8.7,46.4
New Delhi-8118,2025-01-18T11:00:00.000Z,12.6,52.1
New Delhi-8118,2025-01-18T12:00:00.000Z,13.4,32.6
New Delhi-8118,2025-01-18T13:00:00.000Z,29.3,75.5
New Delhi-8118,2025-01-18T14:00:00.000Z,28.4,55.4
New Delhi-8118,2025-01-18T15:00:00.000Z,22.3,41.6
New Delhi-8118,2025-01-18T16:00:00.000Z,16.1,72.6
New Delhi-8118,2025-01-18T17:00:00.000Z,8.0,79.9
New Delhi-8118,2025-01-18T18:00:00.000Z,15.2,57.0
New Delhi-8118,2025-01-18T19:00:00.000Z,33.1,85.5
New Delhi-8118,2025-01-18T20:00:00.000Z,25.6,60.8
New Delhi-8118,2025-01-18T21:00:00.000Z,33.5,87.9
New Delhi-8118,2025-01-18T22:00:00.000Z,17.2,33.6
New Delhi-8118,2025-01-18T23:00:00.000Z,6.6,72.7
New Delhi-8118,2025-01-19T00:00:00.000Z,19.1,81.5
New Delhi-8118,2025-01-19T01:00:00.000Z,19.8,77.2
New Delhi-8118,2025-01-19T02:00:00.000Z,34.6,43.1
New Delhi-8118,2025-01-19T03:00:00.000Z,5.1,56.3
New Delhi-8118,2025-01-19T04:00:00.000Z,9.0,87.2
New Delhi-8118,2025-01-19T05:00:00.000Z,8.1,60.5
New Delhi-8118,2025-01-19T06:00:00.000Z,21.5,56.0
New Delhi-8118,2025-01-19T07:00:00.000Z,23.5,82.2
New Delhi-8118,2025-01-19T08:00:00.000Z,6.9,81.6
New Delhi-8118,2025-01-19T09:00:00.000Z,33.9,83.9
New Delhi-8118,2025-01-19T10:00:00.000Z,16.4,81.4
New Delhi-8118,2025-01-19T11:00:00.000Z,26.1,87.8
New Delhi-8118,2025-01-19T12:00:00.000Z,7.0,56.4
New Delhi-8118,2025-01-19T13:00:00.000Z,11.2,42.5
New Delhi-8118,2025-01-19T14:00:00.000Z,22.3,57.2
New Delhi-8118,2025-01-19T15:00:00.000Z,23.7,55.4
New Delhi-8118,2025-01-19T16:00:00.000Z,16.7,69.2
New Delhi-8118,2025-01-19T17:00:00.000Z,28.3,39.1
New Delhi-8118,2025-01-19T18:00:00.000Z,10.5,74.7
New Delhi-8118,2025-01-19T19:00:00.000Z,28.7,48.1
New Delhi-8118,2025-01-19T20:00:00.000Z,12.5,46.6
New Delhi-8118,2025-01-19T21:00:00.000Z,22.8,32.8
New Delhi-8118,2025-01-19T22:00:00.000Z,6.3,48.7
New Delhi-8118,2025-01-19T23:00:00.000Z,34.0,63.7
New Delhi-8118,2025-01-20T00:00:00.000Z,14.6,78.9
New Delhi-8118,2025-01-20T01:00:00.000Z,17.6,68.5
New Delhi-8118,2025-01-20T02:00:00.000Z,25.5,30.9
New Delhi-8118,2025-01-20T03:00:00.000Z,27.4,64.7
New Delhi-8118,2025-01-20T04:00:00.000Z,9.5,69.3
New Delhi-8118,2025-01-20T05:00:00.000Z,30.2,88.1
New Delhi-8118,2025-01-20T06:00:00.000Z,13.2,34.9
New Delhi-8118,2025-01-20T07:00:00.000Z,23.3,46.1
New Delhi-8118,2025-01-20T08:00:00.000Z,23.9,85.2
New Delhi-8118,2025-01-20T09:00:00.000Z,33.1,48.6
New Delhi-8118,2025-01-20T10:00:00.000Z,8.5,82.3
New Delhi-8118,2025-01-20T11:00:00.000Z,14.7,47.0
New Delhi-8118,2025-01-20T12:00:00.000Z,23.7,43.0
New Delhi-8118,2025-01-20T13:00:00.000Z,8.6,71.5
New Delhi-8118,2025-01-20T14:00:00.000Z,10.6,89.1
New Delhi-8118,2025-01-20T15:00:00.000Z,30.8,44.8
New Delhi-8118,2025-01-20T16:00:00.000Z,29.8,79.8
New Delhi-8118,2025-01-20T17:00:00.000Z,24.0,74.1
New Delhi-8118,2025-01-20T18:00:00.000Z,27.9,48.5
New Delhi-8118,2025-01-20T19:00:00.000Z,15.7,76.3
New Delhi-8118,2025-01-20T20:00:00.000Z,24.7,71.8
New Delhi-8118,2025-01-20T21:00:00.000Z,30.7,88.0
New Delhi-8118,2025-01-20T22:00:00.000Z,30.9,80.0
New Delhi-8118,2025-01-20T23:00:00.000Z,20.5,79.3
New Delhi-8118,2025-01-21T00:00:00.000Z,26.2,71.0
New Delhi-8118,2025-01-21T01:00:00.000Z,8.9,41.2
New Delhi-8118,2025-01-21T02:00:00.000Z,33.8,69.0
New Delhi-8118,2025-01-21T03:00:00.000Z,12.4,87.5
New Delhi-8118,2025-01-21T04:00:00.000Z,33.9,46.0
New Delhi-8118,2025-01-21T05:00:00.000Z,11.4,35.4
New Delhi-8118,2025-01-21T06:00:00.000Z,29.6,53.2
New Delhi-8118,2025-01-21T07:00:00.000Z,32.2,80.5
New Delhi-8118,2025-01-21T08:00:00.000Z,25.7,35.7
New Delhi-8118,2025-01-21T09:00:00.000Z,6.1,67.4
New Delhi-8118,2025-01-21T10:00:00.000Z,25.7,60.9
New Delhi-8118,2025-01-21T11:00:00.000Z,33.0,81.0
New Delhi-8118,2025-01-21T12:00:00.000Z,9.2,74.8
New Delhi-8118,2025-01-21T13:00:00.000Z,34.7,64.8
New Delhi-8118,2025-01-21T14:00:00.000Z,27.6,63.9
New Delhi-8118,2025-01-21T15:00:00.000Z,32.8,60.8
New Delhi-8118,2025-01-21T16:00:00.000Z,25.1,45.5
New Delhi-8118,2025-01-21T17:00:00.000Z,16.7,35.2
New Delhi-8118,2025-01-21T18:00:00.000Z,16.4,71.9
New Delhi-8118,2025-01-21T19:00:00.000Z,5.5,30.4
New Delhi-8118,2025-01-21T20:00:00.000Z,27.2,33.1
New Delhi-8118,2025-01-21T21:00:00.000Z,25.4,87.0
New Delhi-8118,2025-01-21T22:00:00.000Z,32.8,56.1
New Delhi-8118,2025-01-21T23:00:00.000Z,21.3,86.3
New Delhi-8118,2025-01-22T00:00:00.000Z,32.6,33.5
New Delhi-8118,2025-01-22T01:00:00.000Z,31.0,62.8
New Delhi-8118,2025-01-22T02:00:00.000Z,28.4,39.6
New Delhi-8118,2025-01-22T03:00:00.000Z,7.2,81.9
New Delhi-8118,2025-01-22T04:00:00.000Z,15.2,47.8
New Delhi-8118,2025-01-22T05:00:00.000Z,10.6,40.0
New Delhi-8118,2025-01-22T06:00:00.000Z,24.2,77.2
New Delhi-8118,2025-01-22T07:00:00.000Z,34.1,87.1
New Delhi-8118,2025-01-22T08:00:00.000Z,6.2,34.2
New Delhi-8118,2025-01-22T09:00:00.000Z,7.5,46.3
New Delhi-8118,2025-01-22T10:00:00.000Z,15.7,44.2
New Delhi-8118,2025-01-22T11:00:00.000Z,27.1,35.5
New Delhi-8118,2025-01-22T12:00:00.000Z,29.1,47.3
New Delhi-8118,2025-01-22T13:00:00.000Z,9.2,72.8
New Delhi-8118,2025-01-22T14:00:00.000Z,34.2,55.7
New Delhi-8118,2025-01-22T15:00:00.000Z,18.7,35.7
New Delhi-8118,2025-01-22T16:00:00.000Z,25.3,33.9
New Delhi-8118,2025-01-22T17:00:00.000Z,33.0,75.6
New Delhi-8118,2025-01-22T18:00:00.000Z,32.9,46.8
New Delhi-8118,2025-01-22T19:00:00.000Z,10.1,79.0
New Delhi-8118,2025-01-22T20:00:00.000Z,17.9,67.3
New Delhi-8118,2025-01-22T21:00:00.000Z,31.0,69.1
New Delhi-8118,2025-01-22T22:00:00.000Z,29.1,46.1
New Delhi-8118,2025-01-22T23:00:00.000Z,8.3,75.2
New Delhi-8118,2025-01-23T00:00:00.000Z,21.8,63.0
New Delhi-8118,2025-01-23T01:00:00.000Z,16.7,69.5
New Delhi-8118,2025-01-23T02:00:00.000Z,21.9,52.9
New Delhi-8118,2025-01-23T03:00:00.000Z,27.6,45.3
New Delhi-8118,2025-01-23T04:00:00.000Z,27.7,61.1
New Delhi-8118,2025-01-23T05:00:00.000Z,32.0,79.1
New Delhi-8118,2025-01-23T06:00:00.000Z,9.5,85.3
New Delhi-8118,2025-01-23T07:00:00.000Z,23.9,60.1
New Delhi-8118,2025-01-23T08:00:00.000Z,28.4,55.6
New Delhi-8118,2025-01-23T09:00:00.000Z,8.7,75.5
New Delhi-8118,2025-01-23T10:00:00.000Z,25.5,43.4
New Delhi-8118,2025-01-23T11:00:00.000Z,9.7,37.2
New Delhi-8118,2025-01-23T12:00:00.000Z,22.5,53.4
New Delhi-8118,2025-01-23T13:00:00.000Z,15.4,80.2
New Delhi-8118,2025-01-23T14:00:00.000Z,30.0,37.0
New Delhi-8118,2025-01-23T15:00:00.000Z,5.7,33.3
New Delhi-8118,2025-01-23T16:00:00.000Z,13.9,61.5
New Delhi-8118,2025-01-23T17:00:00.000Z,12.6,53.5
New Delhi-8118,2025-01-23T18:00:00.000Z,10.0,43.2
New Delhi-8118,2025-01-23T19:00:00.000Z,19.5,42.0
New Delhi-8118,2025-01-23T20:00:00.000Z,12.7,59.2
New Delhi-8118,2025-01-23T21:00:00.000Z,18.5,76.1
New Delhi-8118,2025-01-23T22:00:00.000Z,9.1,51.3
New Delhi-8118,2025-01-23T23:00:00.000Z,29.5,58.3
New Delhi-8118,2025-01-24T00:00:00.000Z,16.9,49.7
New Delhi-8118,2025-01-24T01:00:00.000Z,11.4,69.3
New Delhi-8118,2025-01-24T02:00:00.000Z,15.2,85.3
New Delhi-8118,2025-01-24T03:00:00.000Z,29.7,64.0
New Delhi-8118,2025-01-24T04:00:00.000Z,18.2,78.6
New Delhi-8118,2025-01-24T05:00:00.000Z,29.9,77.0
New Delhi-8118,2025-01-24T06:00:00.000Z,23.6,31.6
New Delhi-8118,2025-01-24T07:00:00.000Z,12.1,69.0
New Delhi-8118,2025-01-24T08:00:00.000Z,33.9,89.4
New Delhi-8118,2025-01-24T09:00:00.000Z,26.9,35.2
New Delhi-8118,2025-01-24T10:00:00.000Z,20.8,52.8
New Delhi-8118,2025-01-24T11:00:00.000Z,22.1,52.1
New Delhi-8118,2025-01-24T12:00:00.000Z,26.9,62.1
New Delhi-8118,2025-01-24T13:00:00.000Z,5.4,34.7
New Delhi-8118,2025-01-24T14:00:00.000Z,32.8,70.6
New Delhi-8118,2025-01-24T15:00:00.000Z,33.1,75.1
New Delhi-8118,2025-01-24T16:00:00.000Z,18.2,69.5
New Delhi-8118,2025-01-24T17:00:00.000Z,19.6,55.8
New Delhi-8118,2025-01-24T18:00:00.000Z,22.1,51.5
New Delhi-8118,2025-01-24T19:00:00.000Z,16.7,51.6
New Delhi-8118,2025-01-24T20:00:00.000Z,6.7,62.5
New Delhi-8118,2025-01-24T21:00:00.000Z,10.7,42.6
New Delhi-8118,2025-01-24T22:00:00.000Z,8.1,42.8
New Delhi-8118,2025-01-24T23:00:00.000Z,13.0,44.1
New Delhi-8118,2025-01-25T00:00:00.000Z,29.0,52.0
New Delhi-8118,2025-01-25T01:00:00.000Z,11.6,64.1
New Delhi-8118,2025-01-25T02:00:00.000Z,10.9,88.4
New Delhi-8118,2025-01-25T03:00:00.000Z,5.7,72.8
New Delhi-8118,2025-01-25T04:00:00.000Z,28.2,43.2
New Delhi-8118,2025-01-25T05:00:00.000Z,34.8,68.7
New Delhi-8118,2025-01-25T06:00:00.000Z,34.9,34.7
New Delhi-8118,2025-01-25T07:00:00.000Z,13.2,37.9
New Delhi-8118,2025-01-25T08:00:00.000Z,6.3,36.3
New Delhi-8118,2025-01-25T09:00:00.000Z,12.8,32.6
New Delhi-8118,2025-01-25T10:00:00.000Z,30.2,68.8
New Delhi-8118,2025-01-25T11:00:00.000Z,17.9,30.8
New Delhi-8118,2025-01-25T12:00:00.000Z,9.3,33.8
New Delhi-8118,2025-01-25T13:00:00.000Z,12.8,87.8
New Delhi-8118,2025-01-25T14:00:00.000Z,6.8,39.7
New Delhi-8118,2025-01-25T15:00:00.000Z,28.6,71.7
New Delhi-8118,2025-01-25T16:00:00.000Z,26.2,31.7
New Delhi-8118,2025-01-25T17:00:00.000Z,10.2,37.7
New Delhi-8118,2025-01-25T18:00:00.000Z,18.5,50.5
New Delhi-8118,2025-01-25T19:00:00.000Z,25.4,60.3
New Delhi-8118,2025-01-25T20:00:00.000Z,8.3,50.6
New Delhi-8118,2025-01-25T21:00:00.000Z,23.3,87.2
New Delhi-8118,2025-01-25T22:00:00.000Z,23.3,52.5
New Delhi-8118,2025-01-25T23:00:00.000Z,32.0,44.6
New Delhi-8118,2025-01-26T00:00:00.000Z,21.0,72.6
New Delhi-8118,2025-01-26T01:00:00.000Z,27.4,88.9
New Delhi-8118,2025-01-26T02:00:00.000Z,11.2,52.2
New Delhi-8118,2025-01-26T03:00:00.000Z,12.5,81.0
New Delhi-8118,2025-01-26T04:00:00.000Z,26.8,35.8
New Delhi-8118,2025-01-26T05:00:00.000Z,19.5,75.0
New Delhi-8118,2025-01-26T06:00:00.000Z,5.4,78.7
New Delhi-8118,2025-01-26T07:00:00.000Z,26.8,35.8
New Delhi-8118,2025-01-26T08:00:00.000Z,6.2,56.1
New Delhi-8118,2025-01-26T09:00:00.000Z,21.8,83.1
New Delhi-8118,2025-01-26T10:00:00.000Z,23.4,72.8
New Delhi-8118,2025-01-26T11:00:00.000Z,33.8,53.5
New Delhi-8118,2025-01-26T12:00:00.000Z,28.9,61.7
New Delhi-8118,2025-01-26T13:00:00.000Z,27.8,70.0
New Delhi-8118,2025-01-26T14:00:00.000Z,14.4,56.6
New Delhi-8118,2025-01-26T15:00:00.000Z,32.0,74.2
New Delhi-8118,2025-01-26T16:00:00.000Z,5.3,30.7
New Delhi-8118,2025-01-26T17:00:00.000Z,30.1,57.6
New Delhi-8118,2025-01-26T18:00:00.000Z,34.4,60.6
New Delhi-8118,2025-01-26T19:00:00.000Z,20.6,87.7
New Delhi-8118,2025-01-26T20:00:00.000Z,32.0,30.6
New Delhi-8118,2025-01-26T21:00:00.000Z,29.7,58.6
New Delhi-8118,2025-01-26T22:00:00.000Z,9.7,84.6
New Delhi-8118,2025-01-26T23:00:00.000Z,25.4,71.9
New Delhi-8118,2025-01-27T00:00:00.000Z,9.1,34.4
New Delhi-8118,2025-01-27T01:00:00.000Z,9.3,89.8
New Delhi-8118,2025-01-27T02:00:00.000Z,18.2,63.2
New Delhi-8118,2025-01-27T03:00:00.000Z,17.3,80.4
New Delhi-8118,2025-01-27T04:00:00.000Z,13.9,86.7
New Delhi-8118,2025-01-27T05:00:00.000Z,33.7,55.2
New Delhi-8118,2025-01-27T06:00:00.000Z,22.4,40.6
New Delhi-8118,2025-01-27T07:00:00.000Z,19.2,47.9
New Delhi-8118,2025-01-27T08:00:00.000Z,27.8,60.3
New Delhi-8118,2025-01-27T09:00:00.000Z,24.7,53.6
New Delhi-8118,2025-01-27T10:00:00.000Z,14.0,52.7
New Delhi-8118,2025-01-27T11:00:00.000Z,5.8,48.9
New Delhi-8118,2025-01-27T12:00:00.000Z,29.8,34.1
New Delhi-8118,2025-01-27T13:00:00.000Z,7.1,43.9
New Delhi-8118,2025-01-27T14:00:00.000Z,25.1,83.4
New Delhi-8118,2025-01-27T15:00:00.000Z,7.8,72.1
New Delhi-8118,2025-01-27T16:00:00.000Z,31.9,78.3
New Delhi-8118,2025-01-27T17:00:00.000Z,12.1,54.9
New Delhi-8118,2025-01-27T18:00:00.000Z,27.3,61.7
New Delhi-8118,2025-01-27T19:00:00.000Z,29.5,72.3
New Delhi-8118,2025-01-27T20:00:00.000Z,27.5,35.0
New Delhi-8118,2025-01-27T21:00:00.000Z,30.4,78.5
New Delhi-8118,2025-01-27T22:00:00.000Z,14.6,67.7
New Delhi-8118,2025-01-27T23:00:00.000Z,20.6,76.9
New Delhi-8118,2025-01-28T00:00:00.000Z,22.7,84.9
New Delhi-8118,2025-01-28T01:00:00.000Z,20.3,44.3
New Delhi-8118,2025-01-28T02:00:00.000Z,28.4,44.5
New Delhi-8118,2025-01-28T03:00:00.000Z,6.8,69.9
New Delhi-8118,2025-01-28T04:00:00.000Z,34.7,81.5
New Delhi-8118,2025-01-28T05:00:00.000Z,21.9,67.9
New Delhi-8118,2025-01-28T06:00:00.000Z,23.1,43.8
New Delhi-8118,2025-01-28T07:00:00.000Z,15.9,42.5
New Delhi-8118,2025-01-28T08:00:00.000Z,14.6,74.1
New Delhi-8118,2025-01-28T09:00:00.000Z,6.4,76.7
New Delhi-8118,2025-01-28T10:00:00.000Z,29.4,46.1
New Delhi-8118,2025-01-28T11:00:00.000Z,17.6,85.5
New Delhi-8118,2025-01-28T12:00:00.000Z,18.6,31.1
New Delhi-8118,2025-01-28T13:00:00.000Z,22.3,45.6
New Delhi-8118,2025-01-28T14:00:00.000Z,8.4,48.4
New Delhi-8118,2025-01-28T15:00:00.000Z,22.0,32.4
New Delhi-8118,2025-01-28T16:00:00.000Z,26.2,32.8
New Delhi-8118,2025-01-28T17:00:00.000Z,22.0,65.2
New Delhi-8118,2025-01-28T18:00:00.000Z,24.3,60.4
New Delhi-8118,2025-01-28T19:00:00.000Z,9.5,77.6
New Delhi-8118,2025-01-28T20:00:00.000Z,9.5,78.7
New Delhi-8118,2025-01-28T21:00:00.000Z,27.2,77.3
New Delhi-8118,2025-01-28T22:00:00.000Z,27.2,81.4
New Delhi-8118,2025-01-28T23:00:00.000Z,13.2,81.7
New Delhi-8118,2025-01-29T00:00:00.000Z,32.5,41.6
New Delhi-8118,2025-01-29T01:00:00.000Z,15.5,85.3
New Delhi-8118,2025-01-29T02:00:00.000Z,31.1,69.8
New Delhi-8118,2025-01-29T03:00:00.000Z,22.6,51.1
New Delhi-8118,2025-01-29T04:00:00.000Z,24.8,34.4
New Delhi-8118,2025-01-29T05:00:00.000Z,9.0,58.5
New Delhi-8118,2025-01-29T06:00:00.000Z,10.1,69.3
New Delhi-8118,2025-01-29T07:00:00.000Z,31.7,61.0
New Delhi-8118,2025-01-29T08:00:00.000Z,19.1,60.2
New Delhi-8118,2025-01-29T09:00:00.000Z,11.4,89.3
New Delhi-8118,2025-01-29T10:00:00.000Z,29.6,71.8
New Delhi-8118,2025-01-29T11:00:00.000Z,24.8,41.9
New Delhi-8118,2025-01-29T12:00:00.000Z,8.0,43.3
New Delhi-8118,2025-01-29T13:00:00.000Z,23.3,83.8
New Delhi-8118,2025-01-29T14:00:00.000Z,10.7,89.4
New Delhi-8118,2025-01-29T15:00:00.000Z,33.4,51.9
New Delhi-8118,2025-01-29T16:00:00.000Z,7.1,38.8
New Delhi-8118,2025-01-29T17:00:00.000Z,8.3,89.2
New Delhi-8118,2025-01-29T18:00:00.000Z,30.0,87.8
New Delhi-8118,2025-01-29T19:00:00.000Z,6.8,36.3
New Delhi-8118,2025-01-29T20:00:00.000Z,28.1,82.7
New Delhi-8118,2025-01-29T21:00:00.000Z,9.9,59.6
New Delhi-8118,2025-01-29T22:00:00.000Z,32.8,55.8
New Delhi-8118,2025-01-29T23:00:00.000Z,12.4,75.9
New Delhi-8118,2025-01-30T00:00:00.000Z,7.5,43.8
New Delhi-8118,2025-01-30T01:00:00.000Z,20.4,50.9
New Delhi-8118,2025-01-30T02:00:00.000Z,25.7,61.6
New Delhi-8118,2025-01-30T03:00:00.000Z,28.4,31.6
New Delhi-8118,2025-01-30T04:00:00.000Z,33.2,82.4
New Delhi-8118,2025-01-30T05:00:00.000Z,8.5,76.7
New Delhi-8118,2025-01-30T06:00:00.000Z,10.1,51.7
New Delhi-8118,2025-01-30T07:00:00.000Z,15.2,60.1
New Delhi-8118,2025-01-30T08:00:00.000Z,20.4,78.8
New Delhi-8118,2025-01-30T09:00:00.000Z,19.4,66.3
New Delhi-8118,2025-01-30T10:00:00.000Z,28.4,89.7
New Delhi-8118,2025-01-30T11:00:00.000Z,13.5,66.3
New Delhi-8118,2025-01-30T12:00:00.000Z,8.8,48.9
New Delhi-8118,2025-01-30T13:00:00.000Z,25.4,87.8
New Delhi-8118,2025-01-30T14:00:00.000Z,8.8,60.4
New Delhi-8118,2025-01-30T15:00:00.000Z,10.2,88.7
New Delhi-8118,2025-01-30T16:00:00.000Z,30.9,50.1
New Delhi-8118,2025-01-30T17:00:00.000Z,31.6,52.4
New Delhi-8118,2025-01-30T18:00:00.000Z,24.0,41.1
New Delhi-8118,2025-01-30T19:00:00.000Z,21.9,32.9
New Delhi-8118,2025-01-30T20:00:00.000Z,33.7,56.7
New Delhi-8118,2025-01-30T21:00:00.000Z,29.8,53.9
New Delhi-8118,2025-01-30T22:00:00.000Z,20.9,77.0
New Delhi-8118,2025-01-30T23:00:00.000Z,14.2,30.6
New Delhi-8118,2025-01-31T00:00:00.000Z,12.1,82.7
New Delhi-8118,2025-01-31T01:00:00.000Z,26.2,69.2
New Delhi-8118,2025-01-31T02:00:00.000Z,26.8,68.7
New Delhi-8118,2025-01-31T03:00:00.000Z,15.3,54.3
New Delhi-8118,2025-01-31T04:00:00.000Z,15.7,84.4
New Delhi-8118,2025-01-31T05:00:00.000Z,22.9,85.5
New Delhi-8118,2025-01-31T06:00:00.000Z,16.0,36.6
New Delhi-8118,2025-01-31T07:00:00.000Z,30.6,80.6
New Delhi-8118,2025-01-31T08:00:00.000Z,18.1,60.0
New Delhi-8118,2025-01-31T09:00:00.000Z,28.0,53.1
New Delhi-8118,2025-01-31T10:00:00.000Z,9.6,47.6
New Delhi-8118,2025-01-31T11:00:00.000Z,32.1,40.9
New Delhi-8118,2025-01-31T12:00:00.000Z,12.9,86.9
New Delhi-8118,2025-01-31T13:00:00.000Z,14.7,78.5
New Delhi-8118,2025-01-31T14:00:00.000Z,21.3,62.7
New Delhi-8118,2025-01-31T15:00:00.000Z,5.4,46.1
New Delhi-8118,2025-01-31T16:00:00.000Z,20.7,70.9
New Delhi-8118,2025-01-31T17:00:00.000Z,8.0,43.7
New Delhi-8118,2025-01-31T18:00:00.000Z,6.6,45.3
New Delhi-8118,2025-01-31T19:00:00.000Z,25.6,70.6
New Delhi-8118,2025-01-31T20:00:00.000Z,26.4,41.9
New Delhi-8118,2025-01-31T21:00:00.000Z,23.3,62.5
New Delhi-8118,2025-01-31T22:00:00.000Z,29.6,81.1
New Delhi-8118,2025-01-31T23:00:00.000Z,6.3,75.1
New Delhi-8118,2025-02-01T00:00:00.000Z,28.9,52.2
New Delhi-8118,2025-02-01T01:00:00.000Z,30.7,54.0
New Delhi-8118,2025-02-01T02:00:00.000Z,5.8,77.3
New Delhi-8118,2025-02-01T03:00:00.000Z,24.2,79.0
New Delhi-8118,2025-02-01T04:00:00.000Z,17.8,43.7
New Delhi-8118,2025-02-01T05:00:00.000Z,12.1,77.7
New Delhi-8118,2025-02-01T06:00:00.000Z,12.3,33.0
New Delhi-8118,2025-02-01T07:00:00.000Z,30.3,42.5
New Delhi-8118,2025-02-01T08:00:00.000Z,32.3,54.9
New Delhi-8118,2025-02-01T09:00:00.000Z,29.5,84.9
New Delhi-8118,2025-02-01T10:00:00.000Z,5.4,54.1
New Delhi-8118,2025-02-01T11:00:00.000Z,12.1,79.7
New Delhi-8118,2025-02-01T12:00:00.000Z,34.9,80.3
New Delhi-8118,2025-02-01T13:00:00.000Z,6.2,75.2
New Delhi-8118,2025-02-01T14:00:00.000Z,14.4,86.5
New Delhi-8118,2025-02-01T15:00:00.000Z,15.2,48.6
New Delhi-8118,2025-02-01T16:00:00.000Z,18.0,33.9
New Delhi-8118,2025-02-01T17:00:00.000Z,24.9,84.8
New Delhi-8118,2025-02-01T18:00:00.000Z,27.5,83.2
New Delhi-8118,2025-02-01T19:00:00.000Z,27.2,71.1
New Delhi-8118,2025-02-01T20:00:00.000Z,34.7,40.0
New Delhi-8118,2025-02-01T21:00:00.000Z,10.0,73.6
New Delhi-8118,2025-02-01T22:00:00.000Z,16.2,58.4
New Delhi-8118,2025-02-01T23:00:00.000Z,6.0,32.9
New Delhi-8118,2025-02-02T00:00:00.000Z,27.2,69.4
New Delhi-8118,2025-02-02T01:00:00.000Z,21.9,60.2
New Delhi-8118,2025-02-02T02:00:00.000Z,34.7,68.1
New Delhi-8118,2025-02-02T03:00:00.000Z,22.9,64.8
New Delhi-8118,2025-02-02T04:00:00.000Z,30.3,78.7
New Delhi-8118,2025-02-02T05:00:00.000Z,20.4,75.9
New Delhi-8118,2025-02-02T06:00:00.000Z,31.7,49.3
New Delhi-8118,2025-02-02T07:00:00.000Z,10.1,53.7
New Delhi-8118,2025-02-02T08:00:00.000Z,6.1,40.3
New Delhi-8118,2025-02-02T09:00:00.000Z,33.5,62.7
New Delhi-8118,2025-02-02T10:00:00.000Z,12.8,77.7
New Delhi-8118,2025-02-02T11:00:00.000Z,24.9,72.3
New Delhi-8118,2025-02-02T12:00:00.000Z,6.2,60.3
New Delhi-8118,2025-02-02T13:00:00.000Z,14.1,31.4
New Delhi-8118,2025-02-02T14:00:00.000Z,23.1,49.7
New Delhi-8118,2025-02-02T15:00:00.000Z,27.6,37.3
New Delhi-8118,2025-02-02T16:00:00.000Z,19.1,42.2
New Delhi-8118,2025-02-02T17:00:00.000Z,10.1,80.8
New Delhi-8118,2025-02-02T18:00:00.000Z,16.5,75.1
New Delhi-8118,2025-02-02T19:00:00.000Z,25.3,67.8
New Delhi-8118,2025-02-02T20:00:00.000Z,12.5,76.0
New Delhi-8118,2025-02-02T21:00:00.000Z,10.6,63.4
New Delhi-8118,2025-02-02T22:00:00.000Z,29.9,31.3
New Delhi-8118,2025-02-02T23:00:00.000Z,23.1,49.1
New Delhi-8118,2025-02-03T00:00:00.000Z,21.7,78.4
New Delhi-8118,2025-02-03T01:00:00.000Z,6.7,80.9
New Delhi-8118,2025-02-03T02:00:00.000Z,18.0,55.7
New Delhi-8118,2025-02-03T03:00:00.000Z,33.9,59.9
New Delhi-8118,2025-02-03T04:00:00.000Z,12.5,72.9
New Delhi-8118,2025-02-03T05:00:00.000Z,6.5,56.5
New Delhi-8118,2025-02-03T06:00:00.000Z,30.0,52.0
New Delhi-8118,2025-02-03T07:00:00.000Z,30.3,82.1
New Delhi-8118,2025-02-03T08:00:00.000Z,21.5,50.9
New Delhi-8118,2025-02-03T09:00:00.000Z,16.3,46.1
New Delhi-8118,2025-02-03T10:00:00.000Z,16.0,35.5
New Delhi-8118,2025-02-03T11:00:00.000Z,25.4,36.0
New Delhi-8118,2025-02-03T12:00:00.000Z,33.9,84.2
New Delhi-8118,2025-02-03T13:00:00.000Z,31.8,85.7
New Delhi-8118,2025-02-03T14:00:00.000Z,8.8,60.6
New Delhi-8118,2025-02-03T15:00:00.000Z,35.0,54.4
New Delhi-8118,2025-02-03T16:00:00.000Z,24.8,48.8
New Delhi-8118,2025-02-03T17:00:00.000Z,17.9,53.4
New Delhi-8118,2025-02-03T18:00:00.000Z,28.2,81.1
New Delhi-8118,2025-02-03T19:00:00.000Z,18.9,46.5
New Delhi-8118,2025-02-03T20:00:00.000Z,13.0,76.1
New Delhi-8118,2025-02-03T21:00:00.000Z,31.3,54.5
New Delhi-8118,2025-02-03T22:00:00.000Z,16.7,34.5
New Delhi-8118,2025-02-03T23:00:00.000Z,6.8,77.7
New Delhi-8118,2025-02-04T00:00:00.000Z,29.4,64.5
New Delhi-8118,2025-02-04T01:00:00.000Z,34.6,86.6
New Delhi-8118,2025-02-04T02:00:00.000Z,16.2,58.4
New Delhi-8118,2025-02-04T03:00:00.000Z,23.7,84.9
New Delhi-8118,2025-02-04T04:00:00.000Z,23.5,88.8
New Delhi-8118,2025-02-04T05:00:00.000Z,22.5,80.4
New Delhi-8118,2025-02-04T06:00:00.000Z,6.4,36.2
New Delhi-8118,2025-02-04T07:00:00.000Z,24.6,74.0
New Delhi-8118,2025-02-04T08:00:00.000Z,31.5,45.5
New Delhi-8118,2025-02-04T09:00:00.000Z,11.8,81.6
New Delhi-8118,2025-02-04T10:00:00.000Z,29.1,53.0
New Delhi-8118,2025-02-04T11:00:00.000Z,27.3,65.5
New Delhi-8118,2025-02-04T12:00:00.000Z,10.2,90.0
New Delhi-8118,2025-02-04T13:00:00.000Z,21.3,70.4
New Delhi-8118,2025-02-04T14:00:00.000Z,9.9,32.5
New Delhi-8118,2025-02-04T15:00:00.000Z,17.4,72.8
New Delhi-8118,2025-02-04T16:00:00.000Z,14.5,52.3
New Delhi-8118,2025-02-04T17:00:00.000Z,22.4,72.0
New Delhi-8118,2025-02-04T18:00:00.000Z,15.0,79.3
New Delhi-8118,2025-02-04T19:00:00.000Z,11.7,78.9
New Delhi-8118,2025-02-04T20:00:00.000Z,28.8,71.0
New Delhi-8118,2025-02-04T21:00:00.000Z,22.7,30.1
New Delhi-8118,2025-02-04T22:00:00.000Z,7.8,52.3
New Delhi-8118,2025-02-04T23:00:00.000Z,34.1,57.4
New Delhi-8118,2025-02-05T00:00:00.000Z,13.4,65.1
New Delhi-8118,2025-02-05T01:00:00.000Z,5.7,66.9
New Delhi-8118,2025-02-05T02:00:00.000Z,11.8,46.8
New Delhi-8118,2025-02-05T03:00:00.000Z,8.3,72.9
New Delhi-8118,2025-02-05T04:00:00.000Z,34.5,68.3
New Delhi-8118,2025-02-05T05:00:00.000Z,26.2,84.6
New Delhi-8118,2025-02-05T06:00:00.000Z,24.2,31.4
New Delhi-8118,2025-02-05T07:00:00.000Z,17.6,74.4
New Delhi-8118,2025-02-05T08:00:00.000Z,30.3,52.8
New Delhi-8118,2025-02-05T09:00:00.000Z,23.7,85.0
New Delhi-8118,2025-02-05T10:00:00.000Z,24.1,32.6
New Delhi-8118,2025-02-05T11:00:00.000Z,7.3,51.3
New Delhi-8118,2025-02-05T12:00:00.000Z,26.7,80.0
New Delhi-8118,2025-02-05T13:00:00.000Z,34.2,61.4
New Delhi-8118,2025-02-05T14:00:00.000Z,23.4,73.1
New Delhi-8118,2025-02-05T15:00:00.000Z,7.6,50.1
New Delhi-8118,2025-02-05T16:00:00.000Z,7.4,32.7
New Delhi-8118,2025-02-05T17:00:00.000Z,24.8,79.8
New Delhi-8118,2025-02-05T18:00:00.000Z,13.5,31.1
New Delhi-8118,2025-02-05T19:00:00.000Z,17.9,77.8
New Delhi-8118,2025-02-05T20:00:00.000Z,20.8,63.8
New Delhi-8118,2025-02-05T21:00:00.000Z,15.0,39.6
New Delhi-8118,2025-02-05T22:00:00.000Z,30.9,68.2
New Delhi-8118,2025-02-05T23:00:00.000Z,29.5,79.8
New Delhi-8118,2025-02-06T00:00:00.000Z,5.5,79.3
New Delhi-8118,2025-02-06T01:00:00.000Z,32.0,46.0
New Delhi-8118,2025-02-06T02:00:00.000Z,22.6,37.5
New Delhi-8118,2025-02-06T03:00:00.000Z,10.8,84.7
New Delhi-8118,2025-02-06T04:00:00.000Z,28.2,56.2
New Delhi-8118,2025-02-06T05:00:00.000Z,28.0,62.8
New Delhi-8118,2025-02-06T06:00:00.000Z,7.8,83.0
New Delhi-8118,2025-02-06T07:00:00.000Z,26.0,67.0
New Delhi-8118,2025-02-06T08:00:00.000Z,32.6,77.8
New Delhi-8118,2025-02-06T09:00:00.000Z,11.7,74.9
New Delhi-8118,2025-02-06T10:00:00.000Z,15.3,88.1
New Delhi-8118,2025-02-06T11:00:00.000Z,22.8,33.2
New Delhi-8118,2025-02-06T12:00:00.000Z,33.6,69.3
New Delhi-8118,2025-02-06T13:00:00.000Z,19.6,66.9
New Delhi-8118,2025-02-06T14:00:00.000Z,32.9,52.2
New Delhi-8118,2025-02-06T15:00:00.000Z,12.4,85.5
New Delhi-8118,2025-02-06T16:00:00.000Z,29.6,33.4
New Delhi-8118,2025-02-06T17:00:00.000Z,14.8,34.7
New Delhi-8118,2025-02-06T18:00:00.000Z,19.3,89.8
New Delhi-8118,2025-02-06T19:00:00.000Z,24.2,57.4
New Delhi-8118,2025-02-06T20:00:00.000Z,18.7,77.2
New Delhi-8118,2025-02-06T21:00:00.000Z,23.8,61.4
New Delhi-8118,2025-02-06T22:00:00.000Z,11.3,48.3
New Delhi-8118,2025-02-06T23:00:00.000Z,18.6,45.9
New Delhi-8118,2025-02-07T00:00:00.000Z,10.9,68.3
New Delhi-8118,2025-02-07T01:00:00.000Z,32.5,53.2
New Delhi-8118,2025-02-07T02:00:00.000Z,8.2,34.1
New Delhi-8118,2025-02-07T03:00:00.000Z,31.4,42.1
New Delhi-8118,2025-02-07T04:00:00.000Z,26.2,67.1
New Delhi-8118,2025-02-07T05:00:00.000Z,33.8,59.9
New Delhi-8118,2025-02-07T06:00:00.000Z,18.3,56.1
New Delhi-8118,2025-02-07T07:00:00.000Z,33.2,88.2
New Delhi-8118,2025-02-07T08:00:00.000Z,27.2,87.9
New Delhi-8118,2025-02-07T09:00:00.000Z,31.2,67.1
New Delhi-8118,2025-02-07T10:00:00.000Z,13.7,65.0
New Delhi-8118,2025-02-07T11:00:00.000Z,28.2,46.9
New Delhi-8118,2025-02-07T12:00:00.000Z,15.4,82.9
New Delhi-8118,2025-02-07T13:00:00.000Z,28.4,42.0
New Delhi-8118,2025-02-07T14:00:00.000Z,10.6,30.8
New Delhi-8118,2025-02-07T15:00:00.000Z,19.2,50.1
New Delhi-8118,2025-02-07T16:00:00.000Z,22.0,58.0
New Delhi-8118,2025-02-07T17:00:00.000Z,8.8,39.7
New Delhi-8118,2025-02-07T18:00:00.000Z,29.3,30.0
New Delhi-8118,2025-02-07T19:00:00.000Z,17.4,78.6
New Delhi-8118,2025-02-07T20:00:00.000Z,26.6,72.7
New Delhi-8118,2025-02-07T21:00:00.000Z,19.9,59.9
New Delhi-8118,2025-02-07T22:00:00.000Z,6.5,43.1
New Delhi-8118,2025-02-07T23:00:00.000Z,13.6,41.9
New Delhi-8118,2025-02-08T00:00:00.000Z,10.9,60.9
New Delhi-8118,2025-02-08T01:00:00.000Z,11.6,51.6
New Delhi-8118,2025-02-08T02:00:00.000Z,7.8,71.9
New Delhi-8118,2025-02-08T03:00:00.000Z,30.4,60.8
New Delhi-8118,2025-02-08T04:00:00.000Z,23.0,70.2
New Delhi-8118,2025-02-08T05:00:00.000Z,26.5,70.2
New Delhi-8118,2025-02-08T06:00:00.000Z,8.2,66.8
New Delhi-8118,2025-02-08T07:00:00.000Z,13.2,72.5
New Delhi-8118,2025-02-08T08:00:00.000Z,20.8,38.0
New Delhi-8118,2025-02-08T09:00:00.000Z,20.0,45.8
New Delhi-8118,2025-02-08T10:00:00.000Z,12.9,39.6
New Delhi-8118,2025-02-08T11:00:00.000Z,6.0,48.1
New Delhi-8118,2025-02-08T12:00:00.000Z,27.1,53.8
New Delhi-8118,2025-02-08T13:00:00.000Z,16.1,43.7
New Delhi-8118,2025-02-08T14:00:00.000Z,23.5,74.2
New Delhi-8118,2025-02-08T15:00:00.000Z,13.3,45.2
New Delhi-8118,2025-02-08T16:00:00.000Z,11.4,50.9
New Delhi-8118,2025-02-08T17:00:00.000Z,22.2,55.2
New Delhi-8118,2025-02-08T18:00:00.000Z,34.9,66.3
New Delhi-8118,2025-02-08T19:00:00.000Z,13.3,48.7
New Delhi-8118,2025-02-08T20:00:00.000Z,18.6,70.9
New Delhi-8118,2025-02-08T21:00:00.000Z,25.6,73.0
New Delhi-8118,2025-02-08T22:00:00.000Z,17.0,60.6
New Delhi-8118,2025-02-08T23:00:00.000Z,19.2,66.5
New Delhi-8118,2025-02-09T00:00:00.000Z,24.4,52.9
New Delhi-8118,2025-02-09T01:00:00.000Z,9.9,40.0
New Delhi-8118,2025-02-09T02:00:00.000Z,8.4,81.9
New Delhi-8118,2025-02-09T03:00:00.000Z,24.6,69.1
New Delhi-8118,2025-02-09T04:00:00.000Z,20.4,50.6
New Delhi-8118,2025-02-09T05:00:00.000Z,25.0,76.3
New Delhi-8118,2025-02-09T06:00:00.000Z,17.8,49.4
New Delhi-8118,2025-02-09T07:00:00.000Z,24.9,40.7
New Delhi-8118,2025-02-09T08:00:00.000Z,27.5,84.3
New Delhi-8118,2025-02-09T09:00:00.000Z,23.3,54.0
New Delhi-8118,2025-02-09T10:00:00.000Z,33.5,66.0
New Delhi-8118,2025-02-09T11:00:00.000Z,13.3,86.8
New Delhi-8118,2025-02-09T12:00:00.000Z,6.4,88.1
New Delhi-8118,2025-02-09T13:00:00.000Z,17.9,71.0
New Delhi-8118,2025-02-09T14:00:00.000Z,25.0,52.3
New Delhi-8118,2025-02-09T15:00:00.000Z,10.2,87.7
New Delhi-8118,2025-02-09T16:00:00.000Z,19.7,60.6
New Delhi-8118,2025-02-09T17:00:00.000Z,35.0,69.2
New Delhi-8118,2025-02-09T18:00:00.000Z,18.8,88.0
New Delhi-8118,2025-02-09T19:00:00.000Z,27.5,57.7
New Delhi-8118,2025-02-09T20:00:00.000Z,8.5,57.1
New Delhi-8118,2025-02-09T21:00:00.000Z,9.4,35.9
New Delhi-8118,2025-02-09T22:00:00.000Z,18.5,35.7
New Delhi-8118,2025-02-09T23:00:00.000Z,29.5,83.4
New Delhi-8118,2025-02-10T00:00:00.000Z,5.8,45.3
New Delhi-8118,2025-02-10T01:00:00.000Z,26.2,89.7
New Delhi-8118,2025-02-10T02:00:00.000Z,7.8,54.9
New Delhi-8118,2025-02-10T03:00:00.000Z,31.8,72.0
New Delhi-8118,2025-02-10T04:00:00.000Z,19.9,79.7
New Delhi-8118,2025-02-10T05:00:00.000Z,7.5,32.9
New Delhi-8118,2025-02-10T06:00:00.000Z,25.3,88.2
New Delhi-8118,2025-02-10T07:00:00.000Z,18.8,82.7
New Delhi-8118,2025-02-10T08:00:00.000Z,5.5,54.4
New Delhi-8118,2025-02-10T09:00:00.000Z,5.1,47.3
New Delhi-8118,2025-02-10T10:00:00.000Z,23.1,37.3
New Delhi-8118,2025-02-10T11:00:00.000Z,31.4,76.2
New Delhi-8118,2025-02-10T12:00:00.000Z,29.3,85.7
New Delhi-8118,2025-02-10T13:00:00.000Z,16.3,46.6
New Delhi-8118,2025-02-10T14:00:00.000Z,16.9,37.2
New Delhi-8118,2025-02-10T15:00:00.000Z,6.2,31.2
New Delhi-8118,2025-02-10T16:00:00.000Z,8.3,76.9
New Delhi-8118,2025-02-10T17:00:00.000Z,28.4,75.7
New Delhi-8118,2025-02-10T18:00:00.000Z,18.7,81.4
New Delhi-8118,2025-02-10T19:00:00.000Z,24.8,79.5
New Delhi-8118,2025-02-10T20:00:00.000Z,30.7,32.0
New Delhi-8118,2025-02-10T21:00:00.000Z,14.4,30.9
New Delhi-8118,2025-02-10T22:00:00.000Z,8.7,34.3
New Delhi-8118,2025-02-10T23:00:00.000Z,34.9,76.3
